(12646, 13973)
(12646, 15245)
(12646, 15587)
(12646, 15840)
(12646, 16303)
(12646, 16359)
(12646, 16542)
(12646, 17200)
(12646, 19125)
(12646, 19341)
(12646, 20645)
(12646, 22522)
(12646, 22693)
(12646, 23670)
(12646, 24283)
(12646, 24601)
(12646, 24901)
(12646, 25857)
(12646, 25984)
(12646, 27272)
(12646, 28143)
(12646, 28291)
(12646, 28302)
(12646, 28483)
(12646, 28926)
(12646, 29327)
(12646, 29992)
(12646, 30104)
(12646, 30250)
(12646, 31080)
(12646, 31260)
(12646, 31272)
(12646, 32228)
(12646, 32618)
(12646, 33229)
(12646, 33399)
(12646, 33850)
(12646, 34402)
(12646, 35167)
(12646, 35292)
(12646, 35431)
(12646, 35782)
(12646, 38212)
(12646, 39909)
(12646, 40719)
(12646, 41798)
(12646, 42371)
(12646, 42744)
(12646, 44166)
(12646, 44430)
(12646, 44436)
(12646, 46842)
(12646, 47450)
(12646, 48599)
(12646, 49471)
(12646, 49520)
(12646, 49674)
(12646, 49701)
(12646, 50169)
(12646, 50411)
(12646, 50786)
(12646, 52029)
(12646, 52740)
(12646, 53594)
(12646, 54170)
(12646, 54220)
(12646, 54707)
(12646, 55555)
(12646, 55798)
(12646, 56758)
(12646, 57521)
(12646, 57712)
(12646, 58322)
(12646, 60482)
(12646, 61243)
(12646, 61860)
(12646, 63633)
(12646, 64700)
(12646, 64861)
(12646, 65958)
(12646, 66275)
(12646, 66872)
(12646, 68044)
(12646, 68170)
(12646, 70641)
(12646, 71120)
(12646, 72122)
(12646, 72408)
(12646, 73001)
(12646, 73131)
(12646, 76522)
(12646, 76575)
(12646, 78106)
(12646, 79384)
(12646, 81731)
(12646, 81993)
(12646, 82221)
(12646, 84104)
(12646, 85265)
(12646, 88269)
(12646, 88609)
(12646, 89570)
(12646, 90068)
(12646, 90115)
(12646, 90314)
(12646, 90398)
(12646, 90415)
(12646, 91466)
(12646, 91858)
(12646, 92935)
(12646, 94024)
(12646, 95144)
(12646, 95496)
(12646, 95871)
(12646, 97625)
(13973, 15245)
(13973, 15587)
(13973, 15840)
(13973, 16303)
(13973, 16359)
(13973, 16542)
(13973, 17200)
(13973, 19125)
(13973, 19341)
(13973, 20645)
(13973, 22522)
(13973, 22693)
(13973, 23670)
(13973, 24283)
(13973, 24601)
(13973, 24901)
(13973, 25857)
(13973, 25984)
(13973, 27272)
(13973, 28143)
(13973, 28291)
(13973, 28302)
(13973, 28483)
(13973, 28926)
(13973, 29327)
(13973, 29992)
(13973, 30104)
(13973, 30250)
(13973, 31080)
(13973, 31260)
(13973, 31272)
(13973, 32228)
(13973, 32618)
(13973, 33229)
(13973, 33399)
(13973, 33850)
(13973, 34402)
(13973, 35167)
(13973, 35292)
(13973, 35431)
(13973, 35782)
(13973, 38212)
(13973, 39909)
(13973, 40719)
(13973, 41798)
(13973, 42371)
(13973, 42744)
(13973, 44166)
(13973, 44430)
(13973, 44436)
(13973, 46842)
(13973, 47450)
(13973, 48599)
(13973, 49471)
(13973, 49520)
(13973, 49674)
(13973, 49701)
(13973, 50169)
(13973, 50411)
(13973, 50786)
(13973, 52029)
(13973, 52740)
(13973, 53594)
(13973, 54170)
(13973, 54220)
(13973, 54707)
(13973, 55555)
(13973, 55798)
(13973, 56758)
(13973, 57521)
(13973, 57712)
(13973, 58322)
(13973, 60482)
(13973, 61243)
(13973, 61860)
(13973, 63633)
(13973, 64700)
(13973, 64861)
(13973, 65958)
(13973, 66275)
(13973, 66872)
(13973, 68044)
(13973, 68170)
(13973, 70641)
(13973, 71120)
(13973, 72122)
(13973, 72408)
(13973, 73001)
(13973, 73131)
(13973, 76522)
(13973, 76575)
(13973, 78106)
(13973, 79384)
(13973, 81731)
(13973, 81993)
(13973, 82221)
(13973, 84104)
(13973, 85265)
(13973, 88269)
(13973, 88609)
(13973, 89570)
(13973, 90068)
(13973, 90115)
(13973, 90314)
(13973, 90398)
(13973, 90415)
(13973, 91466)
(13973, 91858)
(13973, 92935)
(13973, 94024)
(13973, 95144)
(13973, 95496)
(13973, 95871)
(13973, 97625)
(15245, 15587)
(15245, 15840)
(15245, 16303)
(15245, 16359)
(15245, 16542)
(15245, 17200)
(15245, 19125)
(15245, 19341)
(15245, 20645)
(15245, 22522)
(15245, 22693)
(15245, 23670)
(15245, 24283)
(15245, 24601)
(15245, 24901)
(15245, 25857)
(15245, 25984)
(15245, 27272)
(15245, 28143)
(15245, 28291)
(15245, 28302)
(15245, 28483)
(15245, 28926)
(15245, 29327)
(15245, 29992)
(15245, 30104)
(15245, 30250)
(15245, 31080)
(15245, 31260)
(15245, 31272)
(15245, 32228)
(15245, 32618)
(15245, 33229)
(15245, 33399)
(15245, 33850)
(15245, 34402)
(15245, 35167)
(15245, 35292)
(15245, 35431)
(15245, 35782)
(15245, 38212)
(15245, 39909)
(15245, 40719)
(15245, 41798)
(15245, 42371)
(15245, 42744)
(15245, 44166)
(15245, 44430)
(15245, 44436)
(15245, 46842)
(15245, 47450)
(15245, 48599)
(15245, 49471)
(15245, 49520)
(15245, 49674)
(15245, 49701)
(15245, 50169)
(15245, 50411)
(15245, 50786)
(15245, 52029)
(15245, 52740)
(15245, 53594)
(15245, 54170)
(15245, 54220)
(15245, 54707)
(15245, 55555)
(15245, 55798)
(15245, 56758)
(15245, 57521)
(15245, 57712)
(15245, 58322)
(15245, 60482)
(15245, 61243)
(15245, 61860)
(15245, 63633)
(15245, 64700)
(15245, 64861)
(15245, 65958)
(15245, 66275)
(15245, 66872)
(15245, 68044)
(15245, 68170)
(15245, 70641)
(15245, 71120)
(15245, 72122)
(15245, 72408)
(15245, 73001)
(15245, 73131)
(15245, 76522)
(15245, 76575)
(15245, 78106)
(15245, 79384)
(15245, 81731)
(15245, 81993)
(15245, 82221)
(15245, 84104)
(15245, 85265)
(15245, 88269)
(15245, 88609)
(15245, 89570)
(15245, 90068)
(15245, 90115)
(15245, 90314)
(15245, 90398)
(15245, 90415)
(15245, 91466)
(15245, 91858)
(15245, 92935)
(15245, 94024)
(15245, 95144)
(15245, 95496)
(15245, 95871)
(15245, 97625)
(15587, 15840)
(15587, 16303)
(15587, 16359)
(15587, 16542)
(15587, 17200)
(15587, 19125)
(15587, 19341)
(15587, 20645)
(15587, 22522)
(15587, 22693)
(15587, 23670)
(15587, 24283)
(15587, 24601)
(15587, 24901)
(15587, 25857)
(15587, 25984)
(15587, 27272)
(15587, 28143)
(15587, 28291)
(15587, 28302)
(15587, 28483)
(15587, 28926)
(15587, 29327)
(15587, 29992)
(15587, 30104)
(15587, 30250)
(15587, 31080)
(15587, 31260)
(15587, 31272)
(15587, 32228)
(15587, 32618)
(15587, 33229)
(15587, 33399)
(15587, 33850)
(15587, 34402)
(15587, 35167)
(15587, 35292)
(15587, 35431)
(15587, 35782)
(15587, 38212)
(15587, 39909)
(15587, 40719)
(15587, 41798)
(15587, 42371)
(15587, 42744)
(15587, 44166)
(15587, 44430)
(15587, 44436)
(15587, 46842)
(15587, 47450)
(15587, 48599)
(15587, 49471)
(15587, 49520)
(15587, 49674)
(15587, 49701)
(15587, 50169)
(15587, 50411)
(15587, 50786)
(15587, 52029)
(15587, 52740)
(15587, 53594)
(15587, 54170)
(15587, 54220)
(15587, 54707)
(15587, 55555)
(15587, 55798)
(15587, 56758)
(15587, 57521)
(15587, 57712)
(15587, 58322)
(15587, 60482)
(15587, 61243)
(15587, 61860)
(15587, 63633)
(15587, 64700)
(15587, 64861)
(15587, 65958)
(15587, 66275)
(15587, 66872)
(15587, 68044)
(15587, 68170)
(15587, 70641)
(15587, 71120)
(15587, 72122)
(15587, 72408)
(15587, 73001)
(15587, 73131)
(15587, 76522)
(15587, 76575)
(15587, 78106)
(15587, 79384)
(15587, 81731)
(15587, 81993)
(15587, 82221)
(15587, 84104)
(15587, 85265)
(15587, 88269)
(15587, 88609)
(15587, 89570)
(15587, 90068)
(15587, 90115)
(15587, 90314)
(15587, 90398)
(15587, 90415)
(15587, 91466)
(15587, 91858)
(15587, 92935)
(15587, 94024)
(15587, 95144)
(15587, 95496)
(15587, 95871)
(15587, 97625)
(15840, 16303)
(15840, 16359)
(15840, 16542)
(15840, 17200)
(15840, 19125)
(15840, 19341)
(15840, 20645)
(15840, 22522)
(15840, 22693)
(15840, 23670)
(15840, 24283)
(15840, 24601)
(15840, 24901)
(15840, 25857)
(15840, 25984)
(15840, 27272)
(15840, 28143)
(15840, 28291)
(15840, 28302)
(15840, 28483)
(15840, 28926)
(15840, 29327)
(15840, 29992)
(15840, 30104)
(15840, 30250)
(15840, 31080)
(15840, 31260)
(15840, 31272)
(15840, 32228)
(15840, 32618)
(15840, 33229)
(15840, 33399)
(15840, 33850)
(15840, 34402)
(15840, 35167)
(15840, 35292)
(15840, 35431)
(15840, 35782)
(15840, 38212)
(15840, 39909)
(15840, 40719)
(15840, 41798)
(15840, 42371)
(15840, 42744)
(15840, 44166)
(15840, 44430)
(15840, 44436)
(15840, 46842)
(15840, 47450)
(15840, 48599)
(15840, 49471)
(15840, 49520)
(15840, 49674)
(15840, 49701)
(15840, 50169)
(15840, 50411)
(15840, 50786)
(15840, 52029)
(15840, 52740)
(15840, 53594)
(15840, 54170)
(15840, 54220)
(15840, 54707)
(15840, 55555)
(15840, 55798)
(15840, 56758)
(15840, 57521)
(15840, 57712)
(15840, 58322)
(15840, 60482)
(15840, 61243)
(15840, 61860)
(15840, 63633)
(15840, 64700)
(15840, 64861)
(15840, 65958)
(15840, 66275)
(15840, 66872)
(15840, 68044)
(15840, 68170)
(15840, 70641)
(15840, 71120)
(15840, 72122)
(15840, 72408)
(15840, 73001)
(15840, 73131)
(15840, 76522)
(15840, 76575)
(15840, 78106)
(15840, 79384)
(15840, 81731)
(15840, 81993)
(15840, 82221)
(15840, 84104)
(15840, 85265)
(15840, 88269)
(15840, 88609)
(15840, 89570)
(15840, 90068)
(15840, 90115)
(15840, 90314)
(15840, 90398)
(15840, 90415)
(15840, 91466)
(15840, 91858)
(15840, 92935)
(15840, 94024)
(15840, 95144)
(15840, 95496)
(15840, 95871)
(15840, 97625)
(16303, 16359)
(16303, 16542)
(16303, 17200)
(16303, 19125)
(16303, 19341)
(16303, 20645)
(16303, 22522)
(16303, 22693)
(16303, 23670)
(16303, 24283)
(16303, 24601)
(16303, 24901)
(16303, 25857)
(16303, 25984)
(16303, 27272)
(16303, 28143)
(16303, 28291)
(16303, 28302)
(16303, 28483)
(16303, 28926)
(16303, 29327)
(16303, 29992)
(16303, 30104)
(16303, 30250)
(16303, 31080)
(16303, 31260)
(16303, 31272)
(16303, 32228)
(16303, 32618)
(16303, 33229)
(16303, 33399)
(16303, 33850)
(16303, 34402)
(16303, 35167)
(16303, 35292)
(16303, 35431)
(16303, 35782)
(16303, 38212)
(16303, 39909)
(16303, 40719)
(16303, 41798)
(16303, 42371)
(16303, 42744)
(16303, 44166)
(16303, 44430)
(16303, 44436)
(16303, 46842)
(16303, 47450)
(16303, 48599)
(16303, 49471)
(16303, 49520)
(16303, 49674)
(16303, 49701)
(16303, 50169)
(16303, 50411)
(16303, 50786)
(16303, 52029)
(16303, 52740)
(16303, 53594)
(16303, 54170)
(16303, 54220)
(16303, 54707)
(16303, 55555)
(16303, 55798)
(16303, 56758)
(16303, 57521)
(16303, 57712)
(16303, 58322)
(16303, 60482)
(16303, 61243)
(16303, 61860)
(16303, 63633)
(16303, 64700)
(16303, 64861)
(16303, 65958)
(16303, 66275)
(16303, 66872)
(16303, 68044)
(16303, 68170)
(16303, 70641)
(16303, 71120)
(16303, 72122)
(16303, 72408)
(16303, 73001)
(16303, 73131)
(16303, 76522)
(16303, 76575)
(16303, 78106)
(16303, 79384)
(16303, 81731)
(16303, 81993)
(16303, 82221)
(16303, 84104)
(16303, 85265)
(16303, 88269)
(16303, 88609)
(16303, 89570)
(16303, 90068)
(16303, 90115)
(16303, 90314)
(16303, 90398)
(16303, 90415)
(16303, 91466)
(16303, 91858)
(16303, 92935)
(16303, 94024)
(16303, 95144)
(16303, 95496)
(16303, 95871)
(16303, 97625)
(16359, 16542)
(16359, 17200)
(16359, 19125)
(16359, 19341)
(16359, 20645)
(16359, 22522)
(16359, 22693)
(16359, 23670)
(16359, 24283)
(16359, 24601)
(16359, 24901)
(16359, 25857)
(16359, 25984)
(16359, 27272)
(16359, 28143)
(16359, 28291)
(16359, 28302)
(16359, 28483)
(16359, 28926)
(16359, 29327)
(16359, 29992)
(16359, 30104)
(16359, 30250)
(16359, 31080)
(16359, 31260)
(16359, 31272)
(16359, 32228)
(16359, 32618)
(16359, 33229)
(16359, 33399)
(16359, 33850)
(16359, 34402)
(16359, 35167)
(16359, 35292)
(16359, 35431)
(16359, 35782)
(16359, 38212)
(16359, 39909)
(16359, 40719)
(16359, 41798)
(16359, 42371)
(16359, 42744)
(16359, 44166)
(16359, 44430)
(16359, 44436)
(16359, 46842)
(16359, 47450)
(16359, 48599)
(16359, 49471)
(16359, 49520)
(16359, 49674)
(16359, 49701)
(16359, 50169)
(16359, 50411)
(16359, 50786)
(16359, 52029)
(16359, 52740)
(16359, 53594)
(16359, 54170)
(16359, 54220)
(16359, 54707)
(16359, 55555)
(16359, 55798)
(16359, 56758)
(16359, 57521)
(16359, 57712)
(16359, 58322)
(16359, 60482)
(16359, 61243)
(16359, 61860)
(16359, 63633)
(16359, 64700)
(16359, 64861)
(16359, 65958)
(16359, 66275)
(16359, 66872)
(16359, 68044)
(16359, 68170)
(16359, 70641)
(16359, 71120)
(16359, 72122)
(16359, 72408)
(16359, 73001)
(16359, 73131)
(16359, 76522)
(16359, 76575)
(16359, 78106)
(16359, 79384)
(16359, 81731)
(16359, 81993)
(16359, 82221)
(16359, 84104)
(16359, 85265)
(16359, 88269)
(16359, 88609)
(16359, 89570)
(16359, 90068)
(16359, 90115)
(16359, 90314)
(16359, 90398)
(16359, 90415)
(16359, 91466)
(16359, 91858)
(16359, 92935)
(16359, 94024)
(16359, 95144)
(16359, 95496)
(16359, 95871)
(16359, 97625)
(16542, 17200)
(16542, 19125)
(16542, 19341)
(16542, 20645)
(16542, 22522)
(16542, 22693)
(16542, 23670)
(16542, 24283)
(16542, 24601)
(16542, 24901)
(16542, 25857)
(16542, 25984)
(16542, 27272)
(16542, 28143)
(16542, 28291)
(16542, 28302)
(16542, 28483)
(16542, 28926)
(16542, 29327)
(16542, 29992)
(16542, 30104)
(16542, 30250)
(16542, 31080)
(16542, 31260)
(16542, 31272)
(16542, 32228)
(16542, 32618)
(16542, 33229)
(16542, 33399)
(16542, 33850)
(16542, 34402)
(16542, 35167)
(16542, 35292)
(16542, 35431)
(16542, 35782)
(16542, 38212)
(16542, 39909)
(16542, 40719)
(16542, 41798)
(16542, 42371)
(16542, 42744)
(16542, 44166)
(16542, 44430)
(16542, 44436)
(16542, 46842)
(16542, 47450)
(16542, 48599)
(16542, 49471)
(16542, 49520)
(16542, 49674)
(16542, 49701)
(16542, 50169)
(16542, 50411)
(16542, 50786)
(16542, 52029)
(16542, 52740)
(16542, 53594)
(16542, 54170)
(16542, 54220)
(16542, 54707)
(16542, 55555)
(16542, 55798)
(16542, 56758)
(16542, 57521)
(16542, 57712)
(16542, 58322)
(16542, 60482)
(16542, 61243)
(16542, 61860)
(16542, 63633)
(16542, 64700)
(16542, 64861)
(16542, 65958)
(16542, 66275)
(16542, 66872)
(16542, 68044)
(16542, 68170)
(16542, 70641)
(16542, 71120)
(16542, 72122)
(16542, 72408)
(16542, 73001)
(16542, 73131)
(16542, 76522)
(16542, 76575)
(16542, 78106)
(16542, 79384)
(16542, 81731)
(16542, 81993)
(16542, 82221)
(16542, 84104)
(16542, 85265)
(16542, 88269)
(16542, 88609)
(16542, 89570)
(16542, 90068)
(16542, 90115)
(16542, 90314)
(16542, 90398)
(16542, 90415)
(16542, 91466)
(16542, 91858)
(16542, 92935)
(16542, 94024)
(16542, 95144)
(16542, 95496)
(16542, 95871)
(16542, 97625)
(17200, 19125)
(17200, 19341)
(17200, 20645)
(17200, 22522)
(17200, 22693)
(17200, 23670)
(17200, 24283)
(17200, 24601)
(17200, 24901)
(17200, 25857)
(17200, 25984)
(17200, 27272)
(17200, 28143)
(17200, 28291)
(17200, 28302)
(17200, 28483)
(17200, 28926)
(17200, 29327)
(17200, 29992)
(17200, 30104)
(17200, 30250)
(17200, 31080)
(17200, 31260)
(17200, 31272)
(17200, 32228)
(17200, 32618)
(17200, 33229)
(17200, 33399)
(17200, 33850)
(17200, 34402)
(17200, 35167)
(17200, 35292)
(17200, 35431)
(17200, 35782)
(17200, 38212)
(17200, 39909)
(17200, 40719)
(17200, 41798)
(17200, 42371)
(17200, 42744)
(17200, 44166)
(17200, 44430)
(17200, 44436)
(17200, 46842)
(17200, 47450)
(17200, 48599)
(17200, 49471)
(17200, 49520)
(17200, 49674)
(17200, 49701)
(17200, 50169)
(17200, 50411)
(17200, 50786)
(17200, 52029)
(17200, 52740)
(17200, 53594)
(17200, 54170)
(17200, 54220)
(17200, 54707)
(17200, 55555)
(17200, 55798)
(17200, 56758)
(17200, 57521)
(17200, 57712)
(17200, 58322)
(17200, 60482)
(17200, 61243)
(17200, 61860)
(17200, 63633)
(17200, 64700)
(17200, 64861)
(17200, 65958)
(17200, 66275)
(17200, 66872)
(17200, 68044)
(17200, 68170)
(17200, 70641)
(17200, 71120)
(17200, 72122)
(17200, 72408)
(17200, 73001)
(17200, 73131)
(17200, 76522)
(17200, 76575)
(17200, 78106)
(17200, 79384)
(17200, 81731)
(17200, 81993)
(17200, 82221)
(17200, 84104)
(17200, 85265)
(17200, 88269)
(17200, 88609)
(17200, 89570)
(17200, 90068)
(17200, 90115)
(17200, 90314)
(17200, 90398)
(17200, 90415)
(17200, 91466)
(17200, 91858)
(17200, 92935)
(17200, 94024)
(17200, 95144)
(17200, 95496)
(17200, 95871)
(17200, 97625)
(19125, 19341)
(19125, 20645)
(19125, 22522)
(19125, 22693)
(19125, 23670)
(19125, 24283)
(19125, 24601)
(19125, 24901)
(19125, 25857)
(19125, 25984)
(19125, 27272)
(19125, 28143)
(19125, 28291)
(19125, 28302)
(19125, 28483)
(19125, 28926)
(19125, 29327)
(19125, 29992)
(19125, 30104)
(19125, 30250)
(19125, 31080)
(19125, 31260)
(19125, 31272)
(19125, 32228)
(19125, 32618)
(19125, 33229)
(19125, 33399)
(19125, 33850)
(19125, 34402)
(19125, 35167)
(19125, 35292)
(19125, 35431)
(19125, 35782)
(19125, 38212)
(19125, 39909)
(19125, 40719)
(19125, 41798)
(19125, 42371)
(19125, 42744)
(19125, 44166)
(19125, 44430)
(19125, 44436)
(19125, 46842)
(19125, 47450)
(19125, 48599)
(19125, 49471)
(19125, 49520)
(19125, 49674)
(19125, 49701)
(19125, 50169)
(19125, 50411)
(19125, 50786)
(19125, 52029)
(19125, 52740)
(19125, 53594)
(19125, 54170)
(19125, 54220)
(19125, 54707)
(19125, 55555)
(19125, 55798)
(19125, 56758)
(19125, 57521)
(19125, 57712)
(19125, 58322)
(19125, 60482)
(19125, 61243)
(19125, 61860)
(19125, 63633)
(19125, 64700)
(19125, 64861)
(19125, 65958)
(19125, 66275)
(19125, 66872)
(19125, 68044)
(19125, 68170)
(19125, 70641)
(19125, 71120)
(19125, 72122)
(19125, 72408)
(19125, 73001)
(19125, 73131)
(19125, 76522)
(19125, 76575)
(19125, 78106)
(19125, 79384)
(19125, 81731)
(19125, 81993)
(19125, 82221)
(19125, 84104)
(19125, 85265)
(19125, 88269)
(19125, 88609)
(19125, 89570)
(19125, 90068)
(19125, 90115)
(19125, 90314)
(19125, 90398)
(19125, 90415)
(19125, 91466)
(19125, 91858)
(19125, 92935)
(19125, 94024)
(19125, 95144)
(19125, 95496)
(19125, 95871)
(19125, 97625)
(19341, 20645)
(19341, 22522)
(19341, 22693)
(19341, 23670)
(19341, 24283)
(19341, 24601)
(19341, 24901)
(19341, 25857)
(19341, 25984)
(19341, 27272)
(19341, 28143)
(19341, 28291)
(19341, 28302)
(19341, 28483)
(19341, 28926)
(19341, 29327)
(19341, 29992)
(19341, 30104)
(19341, 30250)
(19341, 31080)
(19341, 31260)
(19341, 31272)
(19341, 32228)
(19341, 32618)
(19341, 33229)
(19341, 33399)
(19341, 33850)
(19341, 34402)
(19341, 35167)
(19341, 35292)
(19341, 35431)
(19341, 35782)
(19341, 38212)
(19341, 39909)
(19341, 40719)
(19341, 41798)
(19341, 42371)
(19341, 42744)
(19341, 44166)
(19341, 44430)
(19341, 44436)
(19341, 46842)
(19341, 47450)
(19341, 48599)
(19341, 49471)
(19341, 49520)
(19341, 49674)
(19341, 49701)
(19341, 50169)
(19341, 50411)
(19341, 50786)
(19341, 52029)
(19341, 52740)
(19341, 53594)
(19341, 54170)
(19341, 54220)
(19341, 54707)
(19341, 55555)
(19341, 55798)
(19341, 56758)
(19341, 57521)
(19341, 57712)
(19341, 58322)
(19341, 60482)
(19341, 61243)
(19341, 61860)
(19341, 63633)
(19341, 64700)
(19341, 64861)
(19341, 65958)
(19341, 66275)
(19341, 66872)
(19341, 68044)
(19341, 68170)
(19341, 70641)
(19341, 71120)
(19341, 72122)
(19341, 72408)
(19341, 73001)
(19341, 73131)
(19341, 76522)
(19341, 76575)
(19341, 78106)
(19341, 79384)
(19341, 81731)
(19341, 81993)
(19341, 82221)
(19341, 84104)
(19341, 85265)
(19341, 88269)
(19341, 88609)
(19341, 89570)
(19341, 90068)
(19341, 90115)
(19341, 90314)
(19341, 90398)
(19341, 90415)
(19341, 91466)
(19341, 91858)
(19341, 92935)
(19341, 94024)
(19341, 95144)
(19341, 95496)
(19341, 95871)
(19341, 97625)
(20645, 22522)
(20645, 22693)
(20645, 23670)
(20645, 24283)
(20645, 24601)
(20645, 24901)
(20645, 25857)
(20645, 25984)
(20645, 27272)
(20645, 28143)
(20645, 28291)
(20645, 28302)
(20645, 28483)
(20645, 28926)
(20645, 29327)
(20645, 29992)
(20645, 30104)
(20645, 30250)
(20645, 31080)
(20645, 31260)
(20645, 31272)
(20645, 32228)
(20645, 32618)
(20645, 33229)
(20645, 33399)
(20645, 33850)
(20645, 34402)
(20645, 35167)
(20645, 35292)
(20645, 35431)
(20645, 35782)
(20645, 38212)
(20645, 39909)
(20645, 40719)
(20645, 41798)
(20645, 42371)
(20645, 42744)
(20645, 44166)
(20645, 44430)
(20645, 44436)
(20645, 46842)
(20645, 47450)
(20645, 48599)
(20645, 49471)
(20645, 49520)
(20645, 49674)
(20645, 49701)
(20645, 50169)
(20645, 50411)
(20645, 50786)
(20645, 52029)
(20645, 52740)
(20645, 53594)
(20645, 54170)
(20645, 54220)
(20645, 54707)
(20645, 55555)
(20645, 55798)
(20645, 56758)
(20645, 57521)
(20645, 57712)
(20645, 58322)
(20645, 60482)
(20645, 61243)
(20645, 61860)
(20645, 63633)
(20645, 64700)
(20645, 64861)
(20645, 65958)
(20645, 66275)
(20645, 66872)
(20645, 68044)
(20645, 68170)
(20645, 70641)
(20645, 71120)
(20645, 72122)
(20645, 72408)
(20645, 73001)
(20645, 73131)
(20645, 76522)
(20645, 76575)
(20645, 78106)
(20645, 79384)
(20645, 81731)
(20645, 81993)
(20645, 82221)
(20645, 84104)
(20645, 85265)
(20645, 88269)
(20645, 88609)
(20645, 89570)
(20645, 90068)
(20645, 90115)
(20645, 90314)
(20645, 90398)
(20645, 90415)
(20645, 91466)
(20645, 91858)
(20645, 92935)
(20645, 94024)
(20645, 95144)
(20645, 95496)
(20645, 95871)
(20645, 97625)
(22522, 22693)
(22522, 23670)
(22522, 24283)
(22522, 24601)
(22522, 24901)
(22522, 25857)
(22522, 25984)
(22522, 27272)
(22522, 28143)
(22522, 28291)
(22522, 28302)
(22522, 28483)
(22522, 28926)
(22522, 29327)
(22522, 29992)
(22522, 30104)
(22522, 30250)
(22522, 31080)
(22522, 31260)
(22522, 31272)
(22522, 32228)
(22522, 32618)
(22522, 33229)
(22522, 33399)
(22522, 33850)
(22522, 34402)
(22522, 35167)
(22522, 35292)
(22522, 35431)
(22522, 35782)
(22522, 38212)
(22522, 39909)
(22522, 40719)
(22522, 41798)
(22522, 42371)
(22522, 42744)
(22522, 44166)
(22522, 44430)
(22522, 44436)
(22522, 46842)
(22522, 47450)
(22522, 48599)
(22522, 49471)
(22522, 49520)
(22522, 49674)
(22522, 49701)
(22522, 50169)
(22522, 50411)
(22522, 50786)
(22522, 52029)
(22522, 52740)
(22522, 53594)
(22522, 54170)
(22522, 54220)
(22522, 54707)
(22522, 55555)
(22522, 55798)
(22522, 56758)
(22522, 57521)
(22522, 57712)
(22522, 58322)
(22522, 60482)
(22522, 61243)
(22522, 61860)
(22522, 63633)
(22522, 64700)
(22522, 64861)
(22522, 65958)
(22522, 66275)
(22522, 66872)
(22522, 68044)
(22522, 68170)
(22522, 70641)
(22522, 71120)
(22522, 72122)
(22522, 72408)
(22522, 73001)
(22522, 73131)
(22522, 76522)
(22522, 76575)
(22522, 78106)
(22522, 79384)
(22522, 81731)
(22522, 81993)
(22522, 82221)
(22522, 84104)
(22522, 85265)
(22522, 88269)
(22522, 88609)
(22522, 89570)
(22522, 90068)
(22522, 90115)
(22522, 90314)
(22522, 90398)
(22522, 90415)
(22522, 91466)
(22522, 91858)
(22522, 92935)
(22522, 94024)
(22522, 95144)
(22522, 95496)
(22522, 95871)
(22522, 97625)
(22693, 23670)
(22693, 24283)
(22693, 24601)
(22693, 24901)
(22693, 25857)
(22693, 25984)
(22693, 27272)
(22693, 28143)
(22693, 28291)
(22693, 28302)
(22693, 28483)
(22693, 28926)
(22693, 29327)
(22693, 29992)
(22693, 30104)
(22693, 30250)
(22693, 31080)
(22693, 31260)
(22693, 31272)
(22693, 32228)
(22693, 32618)
(22693, 33229)
(22693, 33399)
(22693, 33850)
(22693, 34402)
(22693, 35167)
(22693, 35292)
(22693, 35431)
(22693, 35782)
(22693, 38212)
(22693, 39909)
(22693, 40719)
(22693, 41798)
(22693, 42371)
(22693, 42744)
(22693, 44166)
(22693, 44430)
(22693, 44436)
(22693, 46842)
(22693, 47450)
(22693, 48599)
(22693, 49471)
(22693, 49520)
(22693, 49674)
(22693, 49701)
(22693, 50169)
(22693, 50411)
(22693, 50786)
(22693, 52029)
(22693, 52740)
(22693, 53594)
(22693, 54170)
(22693, 54220)
(22693, 54707)
(22693, 55555)
(22693, 55798)
(22693, 56758)
(22693, 57521)
(22693, 57712)
(22693, 58322)
(22693, 60482)
(22693, 61243)
(22693, 61860)
(22693, 63633)
(22693, 64700)
(22693, 64861)
(22693, 65958)
(22693, 66275)
(22693, 66872)
(22693, 68044)
(22693, 68170)
(22693, 70641)
(22693, 71120)
(22693, 72122)
(22693, 72408)
(22693, 73001)
(22693, 73131)
(22693, 76522)
(22693, 76575)
(22693, 78106)
(22693, 79384)
(22693, 81731)
(22693, 81993)
(22693, 82221)
(22693, 84104)
(22693, 85265)
(22693, 88269)
(22693, 88609)
(22693, 89570)
(22693, 90068)
(22693, 90115)
(22693, 90314)
(22693, 90398)
(22693, 90415)
(22693, 91466)
(22693, 91858)
(22693, 92935)
(22693, 94024)
(22693, 95144)
(22693, 95496)
(22693, 95871)
(22693, 97625)
(23670, 24283)
(23670, 24601)
(23670, 24901)
(23670, 25857)
(23670, 25984)
(23670, 27272)
(23670, 28143)
(23670, 28291)
(23670, 28302)
(23670, 28483)
(23670, 28926)
(23670, 29327)
(23670, 29992)
(23670, 30104)
(23670, 30250)
(23670, 31080)
(23670, 31260)
(23670, 31272)
(23670, 32228)
(23670, 32618)
(23670, 33229)
(23670, 33399)
(23670, 33850)
(23670, 34402)
(23670, 35167)
(23670, 35292)
(23670, 35431)
(23670, 35782)
(23670, 38212)
(23670, 39909)
(23670, 40719)
(23670, 41798)
(23670, 42371)
(23670, 42744)
(23670, 44166)
(23670, 44430)
(23670, 44436)
(23670, 46842)
(23670, 47450)
(23670, 48599)
(23670, 49471)
(23670, 49520)
(23670, 49674)
(23670, 49701)
(23670, 50169)
(23670, 50411)
(23670, 50786)
(23670, 52029)
(23670, 52740)
(23670, 53594)
(23670, 54170)
(23670, 54220)
(23670, 54707)
(23670, 55555)
(23670, 55798)
(23670, 56758)
(23670, 57521)
(23670, 57712)
(23670, 58322)
(23670, 60482)
(23670, 61243)
(23670, 61860)
(23670, 63633)
(23670, 64700)
(23670, 64861)
(23670, 65958)
(23670, 66275)
(23670, 66872)
(23670, 68044)
(23670, 68170)
(23670, 70641)
(23670, 71120)
(23670, 72122)
(23670, 72408)
(23670, 73001)
(23670, 73131)
(23670, 76522)
(23670, 76575)
(23670, 78106)
(23670, 79384)
(23670, 81731)
(23670, 81993)
(23670, 82221)
(23670, 84104)
(23670, 85265)
(23670, 88269)
(23670, 88609)
(23670, 89570)
(23670, 90068)
(23670, 90115)
(23670, 90314)
(23670, 90398)
(23670, 90415)
(23670, 91466)
(23670, 91858)
(23670, 92935)
(23670, 94024)
(23670, 95144)
(23670, 95496)
(23670, 95871)
(23670, 97625)
(24283, 24601)
(24283, 24901)
(24283, 25857)
(24283, 25984)
(24283, 27272)
(24283, 28143)
(24283, 28291)
(24283, 28302)
(24283, 28483)
(24283, 28926)
(24283, 29327)
(24283, 29992)
(24283, 30104)
(24283, 30250)
(24283, 31080)
(24283, 31260)
(24283, 31272)
(24283, 32228)
(24283, 32618)
(24283, 33229)
(24283, 33399)
(24283, 33850)
(24283, 34402)
(24283, 35167)
(24283, 35292)
(24283, 35431)
(24283, 35782)
(24283, 38212)
(24283, 39909)
(24283, 40719)
(24283, 41798)
(24283, 42371)
(24283, 42744)
(24283, 44166)
(24283, 44430)
(24283, 44436)
(24283, 46842)
(24283, 47450)
(24283, 48599)
(24283, 49471)
(24283, 49520)
(24283, 49674)
(24283, 49701)
(24283, 50169)
(24283, 50411)
(24283, 50786)
(24283, 52029)
(24283, 52740)
(24283, 53594)
(24283, 54170)
(24283, 54220)
(24283, 54707)
(24283, 55555)
(24283, 55798)
(24283, 56758)
(24283, 57521)
(24283, 57712)
(24283, 58322)
(24283, 60482)
(24283, 61243)
(24283, 61860)
(24283, 63633)
(24283, 64700)
(24283, 64861)
(24283, 65958)
(24283, 66275)
(24283, 66872)
(24283, 68044)
(24283, 68170)
(24283, 70641)
(24283, 71120)
(24283, 72122)
(24283, 72408)
(24283, 73001)
(24283, 73131)
(24283, 76522)
(24283, 76575)
(24283, 78106)
(24283, 79384)
(24283, 81731)
(24283, 81993)
(24283, 82221)
(24283, 84104)
(24283, 85265)
(24283, 88269)
(24283, 88609)
(24283, 89570)
(24283, 90068)
(24283, 90115)
(24283, 90314)
(24283, 90398)
(24283, 90415)
(24283, 91466)
(24283, 91858)
(24283, 92935)
(24283, 94024)
(24283, 95144)
(24283, 95496)
(24283, 95871)
(24283, 97625)
(24601, 24901)
(24601, 25857)
(24601, 25984)
(24601, 27272)
(24601, 28143)
(24601, 28291)
(24601, 28302)
(24601, 28483)
(24601, 28926)
(24601, 29327)
(24601, 29992)
(24601, 30104)
(24601, 30250)
(24601, 31080)
(24601, 31260)
(24601, 31272)
(24601, 32228)
(24601, 32618)
(24601, 33229)
(24601, 33399)
(24601, 33850)
(24601, 34402)
(24601, 35167)
(24601, 35292)
(24601, 35431)
(24601, 35782)
(24601, 38212)
(24601, 39909)
(24601, 40719)
(24601, 41798)
(24601, 42371)
(24601, 42744)
(24601, 44166)
(24601, 44430)
(24601, 44436)
(24601, 46842)
(24601, 47450)
(24601, 48599)
(24601, 49471)
(24601, 49520)
(24601, 49674)
(24601, 49701)
(24601, 50169)
(24601, 50411)
(24601, 50786)
(24601, 52029)
(24601, 52740)
(24601, 53594)
(24601, 54170)
(24601, 54220)
(24601, 54707)
(24601, 55555)
(24601, 55798)
(24601, 56758)
(24601, 57521)
(24601, 57712)
(24601, 58322)
(24601, 60482)
(24601, 61243)
(24601, 61860)
(24601, 63633)
(24601, 64700)
(24601, 64861)
(24601, 65958)
(24601, 66275)
(24601, 66872)
(24601, 68044)
(24601, 68170)
(24601, 70641)
(24601, 71120)
(24601, 72122)
(24601, 72408)
(24601, 73001)
(24601, 73131)
(24601, 76522)
(24601, 76575)
(24601, 78106)
(24601, 79384)
(24601, 81731)
(24601, 81993)
(24601, 82221)
(24601, 84104)
(24601, 85265)
(24601, 88269)
(24601, 88609)
(24601, 89570)
(24601, 90068)
(24601, 90115)
(24601, 90314)
(24601, 90398)
(24601, 90415)
(24601, 91466)
(24601, 91858)
(24601, 92935)
(24601, 94024)
(24601, 95144)
(24601, 95496)
(24601, 95871)
(24601, 97625)
(24901, 25857)
(24901, 25984)
(24901, 27272)
(24901, 28143)
(24901, 28291)
(24901, 28302)
(24901, 28483)
(24901, 28926)
(24901, 29327)
(24901, 29992)
(24901, 30104)
(24901, 30250)
(24901, 31080)
(24901, 31260)
(24901, 31272)
(24901, 32228)
(24901, 32618)
(24901, 33229)
(24901, 33399)
(24901, 33850)
(24901, 34402)
(24901, 35167)
(24901, 35292)
(24901, 35431)
(24901, 35782)
(24901, 38212)
(24901, 39909)
(24901, 40719)
(24901, 41798)
(24901, 42371)
(24901, 42744)
(24901, 44166)
(24901, 44430)
(24901, 44436)
(24901, 46842)
(24901, 47450)
(24901, 48599)
(24901, 49471)
(24901, 49520)
(24901, 49674)
(24901, 49701)
(24901, 50169)
(24901, 50411)
(24901, 50786)
(24901, 52029)
(24901, 52740)
(24901, 53594)
(24901, 54170)
(24901, 54220)
(24901, 54707)
(24901, 55555)
(24901, 55798)
(24901, 56758)
(24901, 57521)
(24901, 57712)
(24901, 58322)
(24901, 60482)
(24901, 61243)
(24901, 61860)
(24901, 63633)
(24901, 64700)
(24901, 64861)
(24901, 65958)
(24901, 66275)
(24901, 66872)
(24901, 68044)
(24901, 68170)
(24901, 70641)
(24901, 71120)
(24901, 72122)
(24901, 72408)
(24901, 73001)
(24901, 73131)
(24901, 76522)
(24901, 76575)
(24901, 78106)
(24901, 79384)
(24901, 81731)
(24901, 81993)
(24901, 82221)
(24901, 84104)
(24901, 85265)
(24901, 88269)
(24901, 88609)
(24901, 89570)
(24901, 90068)
(24901, 90115)
(24901, 90314)
(24901, 90398)
(24901, 90415)
(24901, 91466)
(24901, 91858)
(24901, 92935)
(24901, 94024)
(24901, 95144)
(24901, 95496)
(24901, 95871)
(24901, 97625)
(25857, 25984)
(25857, 27272)
(25857, 28143)
(25857, 28291)
(25857, 28302)
(25857, 28483)
(25857, 28926)
(25857, 29327)
(25857, 29992)
(25857, 30104)
(25857, 30250)
(25857, 31080)
(25857, 31260)
(25857, 31272)
(25857, 32228)
(25857, 32618)
(25857, 33229)
(25857, 33399)
(25857, 33850)
(25857, 34402)
(25857, 35167)
(25857, 35292)
(25857, 35431)
(25857, 35782)
(25857, 38212)
(25857, 39909)
(25857, 40719)
(25857, 41798)
(25857, 42371)
(25857, 42744)
(25857, 44166)
(25857, 44430)
(25857, 44436)
(25857, 46842)
(25857, 47450)
(25857, 48599)
(25857, 49471)
(25857, 49520)
(25857, 49674)
(25857, 49701)
(25857, 50169)
(25857, 50411)
(25857, 50786)
(25857, 52029)
(25857, 52740)
(25857, 53594)
(25857, 54170)
(25857, 54220)
(25857, 54707)
(25857, 55555)
(25857, 55798)
(25857, 56758)
(25857, 57521)
(25857, 57712)
(25857, 58322)
(25857, 60482)
(25857, 61243)
(25857, 61860)
(25857, 63633)
(25857, 64700)
(25857, 64861)
(25857, 65958)
(25857, 66275)
(25857, 66872)
(25857, 68044)
(25857, 68170)
(25857, 70641)
(25857, 71120)
(25857, 72122)
(25857, 72408)
(25857, 73001)
(25857, 73131)
(25857, 76522)
(25857, 76575)
(25857, 78106)
(25857, 79384)
(25857, 81731)
(25857, 81993)
(25857, 82221)
(25857, 84104)
(25857, 85265)
(25857, 88269)
(25857, 88609)
(25857, 89570)
(25857, 90068)
(25857, 90115)
(25857, 90314)
(25857, 90398)
(25857, 90415)
(25857, 91466)
(25857, 91858)
(25857, 92935)
(25857, 94024)
(25857, 95144)
(25857, 95496)
(25857, 95871)
(25857, 97625)
(25984, 27272)
(25984, 28143)
(25984, 28291)
(25984, 28302)
(25984, 28483)
(25984, 28926)
(25984, 29327)
(25984, 29992)
(25984, 30104)
(25984, 30250)
(25984, 31080)
(25984, 31260)
(25984, 31272)
(25984, 32228)
(25984, 32618)
(25984, 33229)
(25984, 33399)
(25984, 33850)
(25984, 34402)
(25984, 35167)
(25984, 35292)
(25984, 35431)
(25984, 35782)
(25984, 38212)
(25984, 39909)
(25984, 40719)
(25984, 41798)
(25984, 42371)
(25984, 42744)
(25984, 44166)
(25984, 44430)
(25984, 44436)
(25984, 46842)
(25984, 47450)
(25984, 48599)
(25984, 49471)
(25984, 49520)
(25984, 49674)
(25984, 49701)
(25984, 50169)
(25984, 50411)
(25984, 50786)
(25984, 52029)
(25984, 52740)
(25984, 53594)
(25984, 54170)
(25984, 54220)
(25984, 54707)
(25984, 55555)
(25984, 55798)
(25984, 56758)
(25984, 57521)
(25984, 57712)
(25984, 58322)
(25984, 60482)
(25984, 61243)
(25984, 61860)
(25984, 63633)
(25984, 64700)
(25984, 64861)
(25984, 65958)
(25984, 66275)
(25984, 66872)
(25984, 68044)
(25984, 68170)
(25984, 70641)
(25984, 71120)
(25984, 72122)
(25984, 72408)
(25984, 73001)
(25984, 73131)
(25984, 76522)
(25984, 76575)
(25984, 78106)
(25984, 79384)
(25984, 81731)
(25984, 81993)
(25984, 82221)
(25984, 84104)
(25984, 85265)
(25984, 88269)
(25984, 88609)
(25984, 89570)
(25984, 90068)
(25984, 90115)
(25984, 90314)
(25984, 90398)
(25984, 90415)
(25984, 91466)
(25984, 91858)
(25984, 92935)
(25984, 94024)
(25984, 95144)
(25984, 95496)
(25984, 95871)
(25984, 97625)
(27272, 28143)
(27272, 28291)
(27272, 28302)
(27272, 28483)
(27272, 28926)
(27272, 29327)
(27272, 29992)
(27272, 30104)
(27272, 30250)
(27272, 31080)
(27272, 31260)
(27272, 31272)
(27272, 32228)
(27272, 32618)
(27272, 33229)
(27272, 33399)
(27272, 33850)
(27272, 34402)
(27272, 35167)
(27272, 35292)
(27272, 35431)
(27272, 35782)
(27272, 38212)
(27272, 39909)
(27272, 40719)
(27272, 41798)
(27272, 42371)
(27272, 42744)
(27272, 44166)
(27272, 44430)
(27272, 44436)
(27272, 46842)
(27272, 47450)
(27272, 48599)
(27272, 49471)
(27272, 49520)
(27272, 49674)
(27272, 49701)
(27272, 50169)
(27272, 50411)
(27272, 50786)
(27272, 52029)
(27272, 52740)
(27272, 53594)
(27272, 54170)
(27272, 54220)
(27272, 54707)
(27272, 55555)
(27272, 55798)
(27272, 56758)
(27272, 57521)
(27272, 57712)
(27272, 58322)
(27272, 60482)
(27272, 61243)
(27272, 61860)
(27272, 63633)
(27272, 64700)
(27272, 64861)
(27272, 65958)
(27272, 66275)
(27272, 66872)
(27272, 68044)
(27272, 68170)
(27272, 70641)
(27272, 71120)
(27272, 72122)
(27272, 72408)
(27272, 73001)
(27272, 73131)
(27272, 76522)
(27272, 76575)
(27272, 78106)
(27272, 79384)
(27272, 81731)
(27272, 81993)
(27272, 82221)
(27272, 84104)
(27272, 85265)
(27272, 88269)
(27272, 88609)
(27272, 89570)
(27272, 90068)
(27272, 90115)
(27272, 90314)
(27272, 90398)
(27272, 90415)
(27272, 91466)
(27272, 91858)
(27272, 92935)
(27272, 94024)
(27272, 95144)
(27272, 95496)
(27272, 95871)
(27272, 97625)
(28143, 28291)
(28143, 28302)
(28143, 28483)
(28143, 28926)
(28143, 29327)
(28143, 29992)
(28143, 30104)
(28143, 30250)
(28143, 31080)
(28143, 31260)
(28143, 31272)
(28143, 32228)
(28143, 32618)
(28143, 33229)
(28143, 33399)
(28143, 33850)
(28143, 34402)
(28143, 35167)
(28143, 35292)
(28143, 35431)
(28143, 35782)
(28143, 38212)
(28143, 39909)
(28143, 40719)
(28143, 41798)
(28143, 42371)
(28143, 42744)
(28143, 44166)
(28143, 44430)
(28143, 44436)
(28143, 46842)
(28143, 47450)
(28143, 48599)
(28143, 49471)
(28143, 49520)
(28143, 49674)
(28143, 49701)
(28143, 50169)
(28143, 50411)
(28143, 50786)
(28143, 52029)
(28143, 52740)
(28143, 53594)
(28143, 54170)
(28143, 54220)
(28143, 54707)
(28143, 55555)
(28143, 55798)
(28143, 56758)
(28143, 57521)
(28143, 57712)
(28143, 58322)
(28143, 60482)
(28143, 61243)
(28143, 61860)
(28143, 63633)
(28143, 64700)
(28143, 64861)
(28143, 65958)
(28143, 66275)
(28143, 66872)
(28143, 68044)
(28143, 68170)
(28143, 70641)
(28143, 71120)
(28143, 72122)
(28143, 72408)
(28143, 73001)
(28143, 73131)
(28143, 76522)
(28143, 76575)
(28143, 78106)
(28143, 79384)
(28143, 81731)
(28143, 81993)
(28143, 82221)
(28143, 84104)
(28143, 85265)
(28143, 88269)
(28143, 88609)
(28143, 89570)
(28143, 90068)
(28143, 90115)
(28143, 90314)
(28143, 90398)
(28143, 90415)
(28143, 91466)
(28143, 91858)
(28143, 92935)
(28143, 94024)
(28143, 95144)
(28143, 95496)
(28143, 95871)
(28143, 97625)
(28291, 28302)
(28291, 28483)
(28291, 28926)
(28291, 29327)
(28291, 29992)
(28291, 30104)
(28291, 30250)
(28291, 31080)
(28291, 31260)
(28291, 31272)
(28291, 32228)
(28291, 32618)
(28291, 33229)
(28291, 33399)
(28291, 33850)
(28291, 34402)
(28291, 35167)
(28291, 35292)
(28291, 35431)
(28291, 35782)
(28291, 38212)
(28291, 39909)
(28291, 40719)
(28291, 41798)
(28291, 42371)
(28291, 42744)
(28291, 44166)
(28291, 44430)
(28291, 44436)
(28291, 46842)
(28291, 47450)
(28291, 48599)
(28291, 49471)
(28291, 49520)
(28291, 49674)
(28291, 49701)
(28291, 50169)
(28291, 50411)
(28291, 50786)
(28291, 52029)
(28291, 52740)
(28291, 53594)
(28291, 54170)
(28291, 54220)
(28291, 54707)
(28291, 55555)
(28291, 55798)
(28291, 56758)
(28291, 57521)
(28291, 57712)
(28291, 58322)
(28291, 60482)
(28291, 61243)
(28291, 61860)
(28291, 63633)
(28291, 64700)
(28291, 64861)
(28291, 65958)
(28291, 66275)
(28291, 66872)
(28291, 68044)
(28291, 68170)
(28291, 70641)
(28291, 71120)
(28291, 72122)
(28291, 72408)
(28291, 73001)
(28291, 73131)
(28291, 76522)
(28291, 76575)
(28291, 78106)
(28291, 79384)
(28291, 81731)
(28291, 81993)
(28291, 82221)
(28291, 84104)
(28291, 85265)
(28291, 88269)
(28291, 88609)
(28291, 89570)
(28291, 90068)
(28291, 90115)
(28291, 90314)
(28291, 90398)
(28291, 90415)
(28291, 91466)
(28291, 91858)
(28291, 92935)
(28291, 94024)
(28291, 95144)
(28291, 95496)
(28291, 95871)
(28291, 97625)
(28302, 28483)
(28302, 28926)
(28302, 29327)
(28302, 29992)
(28302, 30104)
(28302, 30250)
(28302, 31080)
(28302, 31260)
(28302, 31272)
(28302, 32228)
(28302, 32618)
(28302, 33229)
(28302, 33399)
(28302, 33850)
(28302, 34402)
(28302, 35167)
(28302, 35292)
(28302, 35431)
(28302, 35782)
(28302, 38212)
(28302, 39909)
(28302, 40719)
(28302, 41798)
(28302, 42371)
(28302, 42744)
(28302, 44166)
(28302, 44430)
(28302, 44436)
(28302, 46842)
(28302, 47450)
(28302, 48599)
(28302, 49471)
(28302, 49520)
(28302, 49674)
(28302, 49701)
(28302, 50169)
(28302, 50411)
(28302, 50786)
(28302, 52029)
(28302, 52740)
(28302, 53594)
(28302, 54170)
(28302, 54220)
(28302, 54707)
(28302, 55555)
(28302, 55798)
(28302, 56758)
(28302, 57521)
(28302, 57712)
(28302, 58322)
(28302, 60482)
(28302, 61243)
(28302, 61860)
(28302, 63633)
(28302, 64700)
(28302, 64861)
(28302, 65958)
(28302, 66275)
(28302, 66872)
(28302, 68044)
(28302, 68170)
(28302, 70641)
(28302, 71120)
(28302, 72122)
(28302, 72408)
(28302, 73001)
(28302, 73131)
(28302, 76522)
(28302, 76575)
(28302, 78106)
(28302, 79384)
(28302, 81731)
(28302, 81993)
(28302, 82221)
(28302, 84104)
(28302, 85265)
(28302, 88269)
(28302, 88609)
(28302, 89570)
(28302, 90068)
(28302, 90115)
(28302, 90314)
(28302, 90398)
(28302, 90415)
(28302, 91466)
(28302, 91858)
(28302, 92935)
(28302, 94024)
(28302, 95144)
(28302, 95496)
(28302, 95871)
(28302, 97625)
(28483, 28926)
(28483, 29327)
(28483, 29992)
(28483, 30104)
(28483, 30250)
(28483, 31080)
(28483, 31260)
(28483, 31272)
(28483, 32228)
(28483, 32618)
(28483, 33229)
(28483, 33399)
(28483, 33850)
(28483, 34402)
(28483, 35167)
(28483, 35292)
(28483, 35431)
(28483, 35782)
(28483, 38212)
(28483, 39909)
(28483, 40719)
(28483, 41798)
(28483, 42371)
(28483, 42744)
(28483, 44166)
(28483, 44430)
(28483, 44436)
(28483, 46842)
(28483, 47450)
(28483, 48599)
(28483, 49471)
(28483, 49520)
(28483, 49674)
(28483, 49701)
(28483, 50169)
(28483, 50411)
(28483, 50786)
(28483, 52029)
(28483, 52740)
(28483, 53594)
(28483, 54170)
(28483, 54220)
(28483, 54707)
(28483, 55555)
(28483, 55798)
(28483, 56758)
(28483, 57521)
(28483, 57712)
(28483, 58322)
(28483, 60482)
(28483, 61243)
(28483, 61860)
(28483, 63633)
(28483, 64700)
(28483, 64861)
(28483, 65958)
(28483, 66275)
(28483, 66872)
(28483, 68044)
(28483, 68170)
(28483, 70641)
(28483, 71120)
(28483, 72122)
(28483, 72408)
(28483, 73001)
(28483, 73131)
(28483, 76522)
(28483, 76575)
(28483, 78106)
(28483, 79384)
(28483, 81731)
(28483, 81993)
(28483, 82221)
(28483, 84104)
(28483, 85265)
(28483, 88269)
(28483, 88609)
(28483, 89570)
(28483, 90068)
(28483, 90115)
(28483, 90314)
(28483, 90398)
(28483, 90415)
(28483, 91466)
(28483, 91858)
(28483, 92935)
(28483, 94024)
(28483, 95144)
(28483, 95496)
(28483, 95871)
(28483, 97625)
(28926, 29327)
(28926, 29992)
(28926, 30104)
(28926, 30250)
(28926, 31080)
(28926, 31260)
(28926, 31272)
(28926, 32228)
(28926, 32618)
(28926, 33229)
(28926, 33399)
(28926, 33850)
(28926, 34402)
(28926, 35167)
(28926, 35292)
(28926, 35431)
(28926, 35782)
(28926, 38212)
(28926, 39909)
(28926, 40719)
(28926, 41798)
(28926, 42371)
(28926, 42744)
(28926, 44166)
(28926, 44430)
(28926, 44436)
(28926, 46842)
(28926, 47450)
(28926, 48599)
(28926, 49471)
(28926, 49520)
(28926, 49674)
(28926, 49701)
(28926, 50169)
(28926, 50411)
(28926, 50786)
(28926, 52029)
(28926, 52740)
(28926, 53594)
(28926, 54170)
(28926, 54220)
(28926, 54707)
(28926, 55555)
(28926, 55798)
(28926, 56758)
(28926, 57521)
(28926, 57712)
(28926, 58322)
(28926, 60482)
(28926, 61243)
(28926, 61860)
(28926, 63633)
(28926, 64700)
(28926, 64861)
(28926, 65958)
(28926, 66275)
(28926, 66872)
(28926, 68044)
(28926, 68170)
(28926, 70641)
(28926, 71120)
(28926, 72122)
(28926, 72408)
(28926, 73001)
(28926, 73131)
(28926, 76522)
(28926, 76575)
(28926, 78106)
(28926, 79384)
(28926, 81731)
(28926, 81993)
(28926, 82221)
(28926, 84104)
(28926, 85265)
(28926, 88269)
(28926, 88609)
(28926, 89570)
(28926, 90068)
(28926, 90115)
(28926, 90314)
(28926, 90398)
(28926, 90415)
(28926, 91466)
(28926, 91858)
(28926, 92935)
(28926, 94024)
(28926, 95144)
(28926, 95496)
(28926, 95871)
(28926, 97625)
(29327, 29992)
(29327, 30104)
(29327, 30250)
(29327, 31080)
(29327, 31260)
(29327, 31272)
(29327, 32228)
(29327, 32618)
(29327, 33229)
(29327, 33399)
(29327, 33850)
(29327, 34402)
(29327, 35167)
(29327, 35292)
(29327, 35431)
(29327, 35782)
(29327, 38212)
(29327, 39909)
(29327, 40719)
(29327, 41798)
(29327, 42371)
(29327, 42744)
(29327, 44166)
(29327, 44430)
(29327, 44436)
(29327, 46842)
(29327, 47450)
(29327, 48599)
(29327, 49471)
(29327, 49520)
(29327, 49674)
(29327, 49701)
(29327, 50169)
(29327, 50411)
(29327, 50786)
(29327, 52029)
(29327, 52740)
(29327, 53594)
(29327, 54170)
(29327, 54220)
(29327, 54707)
(29327, 55555)
(29327, 55798)
(29327, 56758)
(29327, 57521)
(29327, 57712)
(29327, 58322)
(29327, 60482)
(29327, 61243)
(29327, 61860)
(29327, 63633)
(29327, 64700)
(29327, 64861)
(29327, 65958)
(29327, 66275)
(29327, 66872)
(29327, 68044)
(29327, 68170)
(29327, 70641)
(29327, 71120)
(29327, 72122)
(29327, 72408)
(29327, 73001)
(29327, 73131)
(29327, 76522)
(29327, 76575)
(29327, 78106)
(29327, 79384)
(29327, 81731)
(29327, 81993)
(29327, 82221)
(29327, 84104)
(29327, 85265)
(29327, 88269)
(29327, 88609)
(29327, 89570)
(29327, 90068)
(29327, 90115)
(29327, 90314)
(29327, 90398)
(29327, 90415)
(29327, 91466)
(29327, 91858)
(29327, 92935)
(29327, 94024)
(29327, 95144)
(29327, 95496)
(29327, 95871)
(29327, 97625)
(29992, 30104)
(29992, 30250)
(29992, 31080)
(29992, 31260)
(29992, 31272)
(29992, 32228)
(29992, 32618)
(29992, 33229)
(29992, 33399)
(29992, 33850)
(29992, 34402)
(29992, 35167)
(29992, 35292)
(29992, 35431)
(29992, 35782)
(29992, 38212)
(29992, 39909)
(29992, 40719)
(29992, 41798)
(29992, 42371)
(29992, 42744)
(29992, 44166)
(29992, 44430)
(29992, 44436)
(29992, 46842)
(29992, 47450)
(29992, 48599)
(29992, 49471)
(29992, 49520)
(29992, 49674)
(29992, 49701)
(29992, 50169)
(29992, 50411)
(29992, 50786)
(29992, 52029)
(29992, 52740)
(29992, 53594)
(29992, 54170)
(29992, 54220)
(29992, 54707)
(29992, 55555)
(29992, 55798)
(29992, 56758)
(29992, 57521)
(29992, 57712)
(29992, 58322)
(29992, 60482)
(29992, 61243)
(29992, 61860)
(29992, 63633)
(29992, 64700)
(29992, 64861)
(29992, 65958)
(29992, 66275)
(29992, 66872)
(29992, 68044)
(29992, 68170)
(29992, 70641)
(29992, 71120)
(29992, 72122)
(29992, 72408)
(29992, 73001)
(29992, 73131)
(29992, 76522)
(29992, 76575)
(29992, 78106)
(29992, 79384)
(29992, 81731)
(29992, 81993)
(29992, 82221)
(29992, 84104)
(29992, 85265)
(29992, 88269)
(29992, 88609)
(29992, 89570)
(29992, 90068)
(29992, 90115)
(29992, 90314)
(29992, 90398)
(29992, 90415)
(29992, 91466)
(29992, 91858)
(29992, 92935)
(29992, 94024)
(29992, 95144)
(29992, 95496)
(29992, 95871)
(29992, 97625)
(30104, 30250)
(30104, 31080)
(30104, 31260)
(30104, 31272)
(30104, 32228)
(30104, 32618)
(30104, 33229)
(30104, 33399)
(30104, 33850)
(30104, 34402)
(30104, 35167)
(30104, 35292)
(30104, 35431)
(30104, 35782)
(30104, 38212)
(30104, 39909)
(30104, 40719)
(30104, 41798)
(30104, 42371)
(30104, 42744)
(30104, 44166)
(30104, 44430)
(30104, 44436)
(30104, 46842)
(30104, 47450)
(30104, 48599)
(30104, 49471)
(30104, 49520)
(30104, 49674)
(30104, 49701)
(30104, 50169)
(30104, 50411)
(30104, 50786)
(30104, 52029)
(30104, 52740)
(30104, 53594)
(30104, 54170)
(30104, 54220)
(30104, 54707)
(30104, 55555)
(30104, 55798)
(30104, 56758)
(30104, 57521)
(30104, 57712)
(30104, 58322)
(30104, 60482)
(30104, 61243)
(30104, 61860)
(30104, 63633)
(30104, 64700)
(30104, 64861)
(30104, 65958)
(30104, 66275)
(30104, 66872)
(30104, 68044)
(30104, 68170)
(30104, 70641)
(30104, 71120)
(30104, 72122)
(30104, 72408)
(30104, 73001)
(30104, 73131)
(30104, 76522)
(30104, 76575)
(30104, 78106)
(30104, 79384)
(30104, 81731)
(30104, 81993)
(30104, 82221)
(30104, 84104)
(30104, 85265)
(30104, 88269)
(30104, 88609)
(30104, 89570)
(30104, 90068)
(30104, 90115)
(30104, 90314)
(30104, 90398)
(30104, 90415)
(30104, 91466)
(30104, 91858)
(30104, 92935)
(30104, 94024)
(30104, 95144)
(30104, 95496)
(30104, 95871)
(30104, 97625)
(30250, 31080)
(30250, 31260)
(30250, 31272)
(30250, 32228)
(30250, 32618)
(30250, 33229)
(30250, 33399)
(30250, 33850)
(30250, 34402)
(30250, 35167)
(30250, 35292)
(30250, 35431)
(30250, 35782)
(30250, 38212)
(30250, 39909)
(30250, 40719)
(30250, 41798)
(30250, 42371)
(30250, 42744)
(30250, 44166)
(30250, 44430)
(30250, 44436)
(30250, 46842)
(30250, 47450)
(30250, 48599)
(30250, 49471)
(30250, 49520)
(30250, 49674)
(30250, 49701)
(30250, 50169)
(30250, 50411)
(30250, 50786)
(30250, 52029)
(30250, 52740)
(30250, 53594)
(30250, 54170)
(30250, 54220)
(30250, 54707)
(30250, 55555)
(30250, 55798)
(30250, 56758)
(30250, 57521)
(30250, 57712)
(30250, 58322)
(30250, 60482)
(30250, 61243)
(30250, 61860)
(30250, 63633)
(30250, 64700)
(30250, 64861)
(30250, 65958)
(30250, 66275)
(30250, 66872)
(30250, 68044)
(30250, 68170)
(30250, 70641)
(30250, 71120)
(30250, 72122)
(30250, 72408)
(30250, 73001)
(30250, 73131)
(30250, 76522)
(30250, 76575)
(30250, 78106)
(30250, 79384)
(30250, 81731)
(30250, 81993)
(30250, 82221)
(30250, 84104)
(30250, 85265)
(30250, 88269)
(30250, 88609)
(30250, 89570)
(30250, 90068)
(30250, 90115)
(30250, 90314)
(30250, 90398)
(30250, 90415)
(30250, 91466)
(30250, 91858)
(30250, 92935)
(30250, 94024)
(30250, 95144)
(30250, 95496)
(30250, 95871)
(30250, 97625)
(31080, 31260)
(31080, 31272)
(31080, 32228)
(31080, 32618)
(31080, 33229)
(31080, 33399)
(31080, 33850)
(31080, 34402)
(31080, 35167)
(31080, 35292)
(31080, 35431)
(31080, 35782)
(31080, 38212)
(31080, 39909)
(31080, 40719)
(31080, 41798)
(31080, 42371)
(31080, 42744)
(31080, 44166)
(31080, 44430)
(31080, 44436)
(31080, 46842)
(31080, 47450)
(31080, 48599)
(31080, 49471)
(31080, 49520)
(31080, 49674)
(31080, 49701)
(31080, 50169)
(31080, 50411)
(31080, 50786)
(31080, 52029)
(31080, 52740)
(31080, 53594)
(31080, 54170)
(31080, 54220)
(31080, 54707)
(31080, 55555)
(31080, 55798)
(31080, 56758)
(31080, 57521)
(31080, 57712)
(31080, 58322)
(31080, 60482)
(31080, 61243)
(31080, 61860)
(31080, 63633)
(31080, 64700)
(31080, 64861)
(31080, 65958)
(31080, 66275)
(31080, 66872)
(31080, 68044)
(31080, 68170)
(31080, 70641)
(31080, 71120)
(31080, 72122)
(31080, 72408)
(31080, 73001)
(31080, 73131)
(31080, 76522)
(31080, 76575)
(31080, 78106)
(31080, 79384)
(31080, 81731)
(31080, 81993)
(31080, 82221)
(31080, 84104)
(31080, 85265)
(31080, 88269)
(31080, 88609)
(31080, 89570)
(31080, 90068)
(31080, 90115)
(31080, 90314)
(31080, 90398)
(31080, 90415)
(31080, 91466)
(31080, 91858)
(31080, 92935)
(31080, 94024)
(31080, 95144)
(31080, 95496)
(31080, 95871)
(31080, 97625)
(31260, 31272)
(31260, 32228)
(31260, 32618)
(31260, 33229)
(31260, 33399)
(31260, 33850)
(31260, 34402)
(31260, 35167)
(31260, 35292)
(31260, 35431)
(31260, 35782)
(31260, 38212)
(31260, 39909)
(31260, 40719)
(31260, 41798)
(31260, 42371)
(31260, 42744)
(31260, 44166)
(31260, 44430)
(31260, 44436)
(31260, 46842)
(31260, 47450)
(31260, 48599)
(31260, 49471)
(31260, 49520)
(31260, 49674)
(31260, 49701)
(31260, 50169)
(31260, 50411)
(31260, 50786)
(31260, 52029)
(31260, 52740)
(31260, 53594)
(31260, 54170)
(31260, 54220)
(31260, 54707)
(31260, 55555)
(31260, 55798)
(31260, 56758)
(31260, 57521)
(31260, 57712)
(31260, 58322)
(31260, 60482)
(31260, 61243)
(31260, 61860)
(31260, 63633)
(31260, 64700)
(31260, 64861)
(31260, 65958)
(31260, 66275)
(31260, 66872)
(31260, 68044)
(31260, 68170)
(31260, 70641)
(31260, 71120)
(31260, 72122)
(31260, 72408)
(31260, 73001)
(31260, 73131)
(31260, 76522)
(31260, 76575)
(31260, 78106)
(31260, 79384)
(31260, 81731)
(31260, 81993)
(31260, 82221)
(31260, 84104)
(31260, 85265)
(31260, 88269)
(31260, 88609)
(31260, 89570)
(31260, 90068)
(31260, 90115)
(31260, 90314)
(31260, 90398)
(31260, 90415)
(31260, 91466)
(31260, 91858)
(31260, 92935)
(31260, 94024)
(31260, 95144)
(31260, 95496)
(31260, 95871)
(31260, 97625)
(31272, 32228)
(31272, 32618)
(31272, 33229)
(31272, 33399)
(31272, 33850)
(31272, 34402)
(31272, 35167)
(31272, 35292)
(31272, 35431)
(31272, 35782)
(31272, 38212)
(31272, 39909)
(31272, 40719)
(31272, 41798)
(31272, 42371)
(31272, 42744)
(31272, 44166)
(31272, 44430)
(31272, 44436)
(31272, 46842)
(31272, 47450)
(31272, 48599)
(31272, 49471)
(31272, 49520)
(31272, 49674)
(31272, 49701)
(31272, 50169)
(31272, 50411)
(31272, 50786)
(31272, 52029)
(31272, 52740)
(31272, 53594)
(31272, 54170)
(31272, 54220)
(31272, 54707)
(31272, 55555)
(31272, 55798)
(31272, 56758)
(31272, 57521)
(31272, 57712)
(31272, 58322)
(31272, 60482)
(31272, 61243)
(31272, 61860)
(31272, 63633)
(31272, 64700)
(31272, 64861)
(31272, 65958)
(31272, 66275)
(31272, 66872)
(31272, 68044)
(31272, 68170)
(31272, 70641)
(31272, 71120)
(31272, 72122)
(31272, 72408)
(31272, 73001)
(31272, 73131)
(31272, 76522)
(31272, 76575)
(31272, 78106)
(31272, 79384)
(31272, 81731)
(31272, 81993)
(31272, 82221)
(31272, 84104)
(31272, 85265)
(31272, 88269)
(31272, 88609)
(31272, 89570)
(31272, 90068)
(31272, 90115)
(31272, 90314)
(31272, 90398)
(31272, 90415)
(31272, 91466)
(31272, 91858)
(31272, 92935)
(31272, 94024)
(31272, 95144)
(31272, 95496)
(31272, 95871)
(31272, 97625)
(32228, 32618)
(32228, 33229)
(32228, 33399)
(32228, 33850)
(32228, 34402)
(32228, 35167)
(32228, 35292)
(32228, 35431)
(32228, 35782)
(32228, 38212)
(32228, 39909)
(32228, 40719)
(32228, 41798)
(32228, 42371)
(32228, 42744)
(32228, 44166)
(32228, 44430)
(32228, 44436)
(32228, 46842)
(32228, 47450)
(32228, 48599)
(32228, 49471)
(32228, 49520)
(32228, 49674)
(32228, 49701)
(32228, 50169)
(32228, 50411)
(32228, 50786)
(32228, 52029)
(32228, 52740)
(32228, 53594)
(32228, 54170)
(32228, 54220)
(32228, 54707)
(32228, 55555)
(32228, 55798)
(32228, 56758)
(32228, 57521)
(32228, 57712)
(32228, 58322)
(32228, 60482)
(32228, 61243)
(32228, 61860)
(32228, 63633)
(32228, 64700)
(32228, 64861)
(32228, 65958)
(32228, 66275)
(32228, 66872)
(32228, 68044)
(32228, 68170)
(32228, 70641)
(32228, 71120)
(32228, 72122)
(32228, 72408)
(32228, 73001)
(32228, 73131)
(32228, 76522)
(32228, 76575)
(32228, 78106)
(32228, 79384)
(32228, 81731)
(32228, 81993)
(32228, 82221)
(32228, 84104)
(32228, 85265)
(32228, 88269)
(32228, 88609)
(32228, 89570)
(32228, 90068)
(32228, 90115)
(32228, 90314)
(32228, 90398)
(32228, 90415)
(32228, 91466)
(32228, 91858)
(32228, 92935)
(32228, 94024)
(32228, 95144)
(32228, 95496)
(32228, 95871)
(32228, 97625)
(32618, 33229)
(32618, 33399)
(32618, 33850)
(32618, 34402)
(32618, 35167)
(32618, 35292)
(32618, 35431)
(32618, 35782)
(32618, 38212)
(32618, 39909)
(32618, 40719)
(32618, 41798)
(32618, 42371)
(32618, 42744)
(32618, 44166)
(32618, 44430)
(32618, 44436)
(32618, 46842)
(32618, 47450)
(32618, 48599)
(32618, 49471)
(32618, 49520)
(32618, 49674)
(32618, 49701)
(32618, 50169)
(32618, 50411)
(32618, 50786)
(32618, 52029)
(32618, 52740)
(32618, 53594)
(32618, 54170)
(32618, 54220)
(32618, 54707)
(32618, 55555)
(32618, 55798)
(32618, 56758)
(32618, 57521)
(32618, 57712)
(32618, 58322)
(32618, 60482)
(32618, 61243)
(32618, 61860)
(32618, 63633)
(32618, 64700)
(32618, 64861)
(32618, 65958)
(32618, 66275)
(32618, 66872)
(32618, 68044)
(32618, 68170)
(32618, 70641)
(32618, 71120)
(32618, 72122)
(32618, 72408)
(32618, 73001)
(32618, 73131)
(32618, 76522)
(32618, 76575)
(32618, 78106)
(32618, 79384)
(32618, 81731)
(32618, 81993)
(32618, 82221)
(32618, 84104)
(32618, 85265)
(32618, 88269)
(32618, 88609)
(32618, 89570)
(32618, 90068)
(32618, 90115)
(32618, 90314)
(32618, 90398)
(32618, 90415)
(32618, 91466)
(32618, 91858)
(32618, 92935)
(32618, 94024)
(32618, 95144)
(32618, 95496)
(32618, 95871)
(32618, 97625)
(33229, 33399)
(33229, 33850)
(33229, 34402)
(33229, 35167)
(33229, 35292)
(33229, 35431)
(33229, 35782)
(33229, 38212)
(33229, 39909)
(33229, 40719)
(33229, 41798)
(33229, 42371)
(33229, 42744)
(33229, 44166)
(33229, 44430)
(33229, 44436)
(33229, 46842)
(33229, 47450)
(33229, 48599)
(33229, 49471)
(33229, 49520)
(33229, 49674)
(33229, 49701)
(33229, 50169)
(33229, 50411)
(33229, 50786)
(33229, 52029)
(33229, 52740)
(33229, 53594)
(33229, 54170)
(33229, 54220)
(33229, 54707)
(33229, 55555)
(33229, 55798)
(33229, 56758)
(33229, 57521)
(33229, 57712)
(33229, 58322)
(33229, 60482)
(33229, 61243)
(33229, 61860)
(33229, 63633)
(33229, 64700)
(33229, 64861)
(33229, 65958)
(33229, 66275)
(33229, 66872)
(33229, 68044)
(33229, 68170)
(33229, 70641)
(33229, 71120)
(33229, 72122)
(33229, 72408)
(33229, 73001)
(33229, 73131)
(33229, 76522)
(33229, 76575)
(33229, 78106)
(33229, 79384)
(33229, 81731)
(33229, 81993)
(33229, 82221)
(33229, 84104)
(33229, 85265)
(33229, 88269)
(33229, 88609)
(33229, 89570)
(33229, 90068)
(33229, 90115)
(33229, 90314)
(33229, 90398)
(33229, 90415)
(33229, 91466)
(33229, 91858)
(33229, 92935)
(33229, 94024)
(33229, 95144)
(33229, 95496)
(33229, 95871)
(33229, 97625)
(33399, 33850)
(33399, 34402)
(33399, 35167)
(33399, 35292)
(33399, 35431)
(33399, 35782)
(33399, 38212)
(33399, 39909)
(33399, 40719)
(33399, 41798)
(33399, 42371)
(33399, 42744)
(33399, 44166)
(33399, 44430)
(33399, 44436)
(33399, 46842)
(33399, 47450)
(33399, 48599)
(33399, 49471)
(33399, 49520)
(33399, 49674)
(33399, 49701)
(33399, 50169)
(33399, 50411)
(33399, 50786)
(33399, 52029)
(33399, 52740)
(33399, 53594)
(33399, 54170)
(33399, 54220)
(33399, 54707)
(33399, 55555)
(33399, 55798)
(33399, 56758)
(33399, 57521)
(33399, 57712)
(33399, 58322)
(33399, 60482)
(33399, 61243)
(33399, 61860)
(33399, 63633)
(33399, 64700)
(33399, 64861)
(33399, 65958)
(33399, 66275)
(33399, 66872)
(33399, 68044)
(33399, 68170)
(33399, 70641)
(33399, 71120)
(33399, 72122)
(33399, 72408)
(33399, 73001)
(33399, 73131)
(33399, 76522)
(33399, 76575)
(33399, 78106)
(33399, 79384)
(33399, 81731)
(33399, 81993)
(33399, 82221)
(33399, 84104)
(33399, 85265)
(33399, 88269)
(33399, 88609)
(33399, 89570)
(33399, 90068)
(33399, 90115)
(33399, 90314)
(33399, 90398)
(33399, 90415)
(33399, 91466)
(33399, 91858)
(33399, 92935)
(33399, 94024)
(33399, 95144)
(33399, 95496)
(33399, 95871)
(33399, 97625)
(33850, 34402)
(33850, 35167)
(33850, 35292)
(33850, 35431)
(33850, 35782)
(33850, 38212)
(33850, 39909)
(33850, 40719)
(33850, 41798)
(33850, 42371)
(33850, 42744)
(33850, 44166)
(33850, 44430)
(33850, 44436)
(33850, 46842)
(33850, 47450)
(33850, 48599)
(33850, 49471)
(33850, 49520)
(33850, 49674)
(33850, 49701)
(33850, 50169)
(33850, 50411)
(33850, 50786)
(33850, 52029)
(33850, 52740)
(33850, 53594)
(33850, 54170)
(33850, 54220)
(33850, 54707)
(33850, 55555)
(33850, 55798)
(33850, 56758)
(33850, 57521)
(33850, 57712)
(33850, 58322)
(33850, 60482)
(33850, 61243)
(33850, 61860)
(33850, 63633)
(33850, 64700)
(33850, 64861)
(33850, 65958)
(33850, 66275)
(33850, 66872)
(33850, 68044)
(33850, 68170)
(33850, 70641)
(33850, 71120)
(33850, 72122)
(33850, 72408)
(33850, 73001)
(33850, 73131)
(33850, 76522)
(33850, 76575)
(33850, 78106)
(33850, 79384)
(33850, 81731)
(33850, 81993)
(33850, 82221)
(33850, 84104)
(33850, 85265)
(33850, 88269)
(33850, 88609)
(33850, 89570)
(33850, 90068)
(33850, 90115)
(33850, 90314)
(33850, 90398)
(33850, 90415)
(33850, 91466)
(33850, 91858)
(33850, 92935)
(33850, 94024)
(33850, 95144)
(33850, 95496)
(33850, 95871)
(33850, 97625)
(34402, 35167)
(34402, 35292)
(34402, 35431)
(34402, 35782)
(34402, 38212)
(34402, 39909)
(34402, 40719)
(34402, 41798)
(34402, 42371)
(34402, 42744)
(34402, 44166)
(34402, 44430)
(34402, 44436)
(34402, 46842)
(34402, 47450)
(34402, 48599)
(34402, 49471)
(34402, 49520)
(34402, 49674)
(34402, 49701)
(34402, 50169)
(34402, 50411)
(34402, 50786)
(34402, 52029)
(34402, 52740)
(34402, 53594)
(34402, 54170)
(34402, 54220)
(34402, 54707)
(34402, 55555)
(34402, 55798)
(34402, 56758)
(34402, 57521)
(34402, 57712)
(34402, 58322)
(34402, 60482)
(34402, 61243)
(34402, 61860)
(34402, 63633)
(34402, 64700)
(34402, 64861)
(34402, 65958)
(34402, 66275)
(34402, 66872)
(34402, 68044)
(34402, 68170)
(34402, 70641)
(34402, 71120)
(34402, 72122)
(34402, 72408)
(34402, 73001)
(34402, 73131)
(34402, 76522)
(34402, 76575)
(34402, 78106)
(34402, 79384)
(34402, 81731)
(34402, 81993)
(34402, 82221)
(34402, 84104)
(34402, 85265)
(34402, 88269)
(34402, 88609)
(34402, 89570)
(34402, 90068)
(34402, 90115)
(34402, 90314)
(34402, 90398)
(34402, 90415)
(34402, 91466)
(34402, 91858)
(34402, 92935)
(34402, 94024)
(34402, 95144)
(34402, 95496)
(34402, 95871)
(34402, 97625)
(35167, 35292)
(35167, 35431)
(35167, 35782)
(35167, 38212)
(35167, 39909)
(35167, 40719)
(35167, 41798)
(35167, 42371)
(35167, 42744)
(35167, 44166)
(35167, 44430)
(35167, 44436)
(35167, 46842)
(35167, 47450)
(35167, 48599)
(35167, 49471)
(35167, 49520)
(35167, 49674)
(35167, 49701)
(35167, 50169)
(35167, 50411)
(35167, 50786)
(35167, 52029)
(35167, 52740)
(35167, 53594)
(35167, 54170)
(35167, 54220)
(35167, 54707)
(35167, 55555)
(35167, 55798)
(35167, 56758)
(35167, 57521)
(35167, 57712)
(35167, 58322)
(35167, 60482)
(35167, 61243)
(35167, 61860)
(35167, 63633)
(35167, 64700)
(35167, 64861)
(35167, 65958)
(35167, 66275)
(35167, 66872)
(35167, 68044)
(35167, 68170)
(35167, 70641)
(35167, 71120)
(35167, 72122)
(35167, 72408)
(35167, 73001)
(35167, 73131)
(35167, 76522)
(35167, 76575)
(35167, 78106)
(35167, 79384)
(35167, 81731)
(35167, 81993)
(35167, 82221)
(35167, 84104)
(35167, 85265)
(35167, 88269)
(35167, 88609)
(35167, 89570)
(35167, 90068)
(35167, 90115)
(35167, 90314)
(35167, 90398)
(35167, 90415)
(35167, 91466)
(35167, 91858)
(35167, 92935)
(35167, 94024)
(35167, 95144)
(35167, 95496)
(35167, 95871)
(35167, 97625)
(35292, 35431)
(35292, 35782)
(35292, 38212)
(35292, 39909)
(35292, 40719)
(35292, 41798)
(35292, 42371)
(35292, 42744)
(35292, 44166)
(35292, 44430)
(35292, 44436)
(35292, 46842)
(35292, 47450)
(35292, 48599)
(35292, 49471)
(35292, 49520)
(35292, 49674)
(35292, 49701)
(35292, 50169)
(35292, 50411)
(35292, 50786)
(35292, 52029)
(35292, 52740)
(35292, 53594)
(35292, 54170)
(35292, 54220)
(35292, 54707)
(35292, 55555)
(35292, 55798)
(35292, 56758)
(35292, 57521)
(35292, 57712)
(35292, 58322)
(35292, 60482)
(35292, 61243)
(35292, 61860)
(35292, 63633)
(35292, 64700)
(35292, 64861)
(35292, 65958)
(35292, 66275)
(35292, 66872)
(35292, 68044)
(35292, 68170)
(35292, 70641)
(35292, 71120)
(35292, 72122)
(35292, 72408)
(35292, 73001)
(35292, 73131)
(35292, 76522)
(35292, 76575)
(35292, 78106)
(35292, 79384)
(35292, 81731)
(35292, 81993)
(35292, 82221)
(35292, 84104)
(35292, 85265)
(35292, 88269)
(35292, 88609)
(35292, 89570)
(35292, 90068)
(35292, 90115)
(35292, 90314)
(35292, 90398)
(35292, 90415)
(35292, 91466)
(35292, 91858)
(35292, 92935)
(35292, 94024)
(35292, 95144)
(35292, 95496)
(35292, 95871)
(35292, 97625)
(35431, 35782)
(35431, 38212)
(35431, 39909)
(35431, 40719)
(35431, 41798)
(35431, 42371)
(35431, 42744)
(35431, 44166)
(35431, 44430)
(35431, 44436)
(35431, 46842)
(35431, 47450)
(35431, 48599)
(35431, 49471)
(35431, 49520)
(35431, 49674)
(35431, 49701)
(35431, 50169)
(35431, 50411)
(35431, 50786)
(35431, 52029)
(35431, 52740)
(35431, 53594)
(35431, 54170)
(35431, 54220)
(35431, 54707)
(35431, 55555)
(35431, 55798)
(35431, 56758)
(35431, 57521)
(35431, 57712)
(35431, 58322)
(35431, 60482)
(35431, 61243)
(35431, 61860)
(35431, 63633)
(35431, 64700)
(35431, 64861)
(35431, 65958)
(35431, 66275)
(35431, 66872)
(35431, 68044)
(35431, 68170)
(35431, 70641)
(35431, 71120)
(35431, 72122)
(35431, 72408)
(35431, 73001)
(35431, 73131)
(35431, 76522)
(35431, 76575)
(35431, 78106)
(35431, 79384)
(35431, 81731)
(35431, 81993)
(35431, 82221)
(35431, 84104)
(35431, 85265)
(35431, 88269)
(35431, 88609)
(35431, 89570)
(35431, 90068)
(35431, 90115)
(35431, 90314)
(35431, 90398)
(35431, 90415)
(35431, 91466)
(35431, 91858)
(35431, 92935)
(35431, 94024)
(35431, 95144)
(35431, 95496)
(35431, 95871)
(35431, 97625)
(35782, 38212)
(35782, 39909)
(35782, 40719)
(35782, 41798)
(35782, 42371)
(35782, 42744)
(35782, 44166)
(35782, 44430)
(35782, 44436)
(35782, 46842)
(35782, 47450)
(35782, 48599)
(35782, 49471)
(35782, 49520)
(35782, 49674)
(35782, 49701)
(35782, 50169)
(35782, 50411)
(35782, 50786)
(35782, 52029)
(35782, 52740)
(35782, 53594)
(35782, 54170)
(35782, 54220)
(35782, 54707)
(35782, 55555)
(35782, 55798)
(35782, 56758)
(35782, 57521)
(35782, 57712)
(35782, 58322)
(35782, 60482)
(35782, 61243)
(35782, 61860)
(35782, 63633)
(35782, 64700)
(35782, 64861)
(35782, 65958)
(35782, 66275)
(35782, 66872)
(35782, 68044)
(35782, 68170)
(35782, 70641)
(35782, 71120)
(35782, 72122)
(35782, 72408)
(35782, 73001)
(35782, 73131)
(35782, 76522)
(35782, 76575)
(35782, 78106)
(35782, 79384)
(35782, 81731)
(35782, 81993)
(35782, 82221)
(35782, 84104)
(35782, 85265)
(35782, 88269)
(35782, 88609)
(35782, 89570)
(35782, 90068)
(35782, 90115)
(35782, 90314)
(35782, 90398)
(35782, 90415)
(35782, 91466)
(35782, 91858)
(35782, 92935)
(35782, 94024)
(35782, 95144)
(35782, 95496)
(35782, 95871)
(35782, 97625)
(38212, 39909)
(38212, 40719)
(38212, 41798)
(38212, 42371)
(38212, 42744)
(38212, 44166)
(38212, 44430)
(38212, 44436)
(38212, 46842)
(38212, 47450)
(38212, 48599)
(38212, 49471)
(38212, 49520)
(38212, 49674)
(38212, 49701)
(38212, 50169)
(38212, 50411)
(38212, 50786)
(38212, 52029)
(38212, 52740)
(38212, 53594)
(38212, 54170)
(38212, 54220)
(38212, 54707)
(38212, 55555)
(38212, 55798)
(38212, 56758)
(38212, 57521)
(38212, 57712)
(38212, 58322)
(38212, 60482)
(38212, 61243)
(38212, 61860)
(38212, 63633)
(38212, 64700)
(38212, 64861)
(38212, 65958)
(38212, 66275)
(38212, 66872)
(38212, 68044)
(38212, 68170)
(38212, 70641)
(38212, 71120)
(38212, 72122)
(38212, 72408)
(38212, 73001)
(38212, 73131)
(38212, 76522)
(38212, 76575)
(38212, 78106)
(38212, 79384)
(38212, 81731)
(38212, 81993)
(38212, 82221)
(38212, 84104)
(38212, 85265)
(38212, 88269)
(38212, 88609)
(38212, 89570)
(38212, 90068)
(38212, 90115)
(38212, 90314)
(38212, 90398)
(38212, 90415)
(38212, 91466)
(38212, 91858)
(38212, 92935)
(38212, 94024)
(38212, 95144)
(38212, 95496)
(38212, 95871)
(38212, 97625)
(39909, 40719)
(39909, 41798)
(39909, 42371)
(39909, 42744)
(39909, 44166)
(39909, 44430)
(39909, 44436)
(39909, 46842)
(39909, 47450)
(39909, 48599)
(39909, 49471)
(39909, 49520)
(39909, 49674)
(39909, 49701)
(39909, 50169)
(39909, 50411)
(39909, 50786)
(39909, 52029)
(39909, 52740)
(39909, 53594)
(39909, 54170)
(39909, 54220)
(39909, 54707)
(39909, 55555)
(39909, 55798)
(39909, 56758)
(39909, 57521)
(39909, 57712)
(39909, 58322)
(39909, 60482)
(39909, 61243)
(39909, 61860)
(39909, 63633)
(39909, 64700)
(39909, 64861)
(39909, 65958)
(39909, 66275)
(39909, 66872)
(39909, 68044)
(39909, 68170)
(39909, 70641)
(39909, 71120)
(39909, 72122)
(39909, 72408)
(39909, 73001)
(39909, 73131)
(39909, 76522)
(39909, 76575)
(39909, 78106)
(39909, 79384)
(39909, 81731)
(39909, 81993)
(39909, 82221)
(39909, 84104)
(39909, 85265)
(39909, 88269)
(39909, 88609)
(39909, 89570)
(39909, 90068)
(39909, 90115)
(39909, 90314)
(39909, 90398)
(39909, 90415)
(39909, 91466)
(39909, 91858)
(39909, 92935)
(39909, 94024)
(39909, 95144)
(39909, 95496)
(39909, 95871)
(39909, 97625)
(40719, 41798)
(40719, 42371)
(40719, 42744)
(40719, 44166)
(40719, 44430)
(40719, 44436)
(40719, 46842)
(40719, 47450)
(40719, 48599)
(40719, 49471)
(40719, 49520)
(40719, 49674)
(40719, 49701)
(40719, 50169)
(40719, 50411)
(40719, 50786)
(40719, 52029)
(40719, 52740)
(40719, 53594)
(40719, 54170)
(40719, 54220)
(40719, 54707)
(40719, 55555)
(40719, 55798)
(40719, 56758)
(40719, 57521)
(40719, 57712)
(40719, 58322)
(40719, 60482)
(40719, 61243)
(40719, 61860)
(40719, 63633)
(40719, 64700)
(40719, 64861)
(40719, 65958)
(40719, 66275)
(40719, 66872)
(40719, 68044)
(40719, 68170)
(40719, 70641)
(40719, 71120)
(40719, 72122)
(40719, 72408)
(40719, 73001)
(40719, 73131)
(40719, 76522)
(40719, 76575)
(40719, 78106)
(40719, 79384)
(40719, 81731)
(40719, 81993)
(40719, 82221)
(40719, 84104)
(40719, 85265)
(40719, 88269)
(40719, 88609)
(40719, 89570)
(40719, 90068)
(40719, 90115)
(40719, 90314)
(40719, 90398)
(40719, 90415)
(40719, 91466)
(40719, 91858)
(40719, 92935)
(40719, 94024)
(40719, 95144)
(40719, 95496)
(40719, 95871)
(40719, 97625)
(41798, 42371)
(41798, 42744)
(41798, 44166)
(41798, 44430)
(41798, 44436)
(41798, 46842)
(41798, 47450)
(41798, 48599)
(41798, 49471)
(41798, 49520)
(41798, 49674)
(41798, 49701)
(41798, 50169)
(41798, 50411)
(41798, 50786)
(41798, 52029)
(41798, 52740)
(41798, 53594)
(41798, 54170)
(41798, 54220)
(41798, 54707)
(41798, 55555)
(41798, 55798)
(41798, 56758)
(41798, 57521)
(41798, 57712)
(41798, 58322)
(41798, 60482)
(41798, 61243)
(41798, 61860)
(41798, 63633)
(41798, 64700)
(41798, 64861)
(41798, 65958)
(41798, 66275)
(41798, 66872)
(41798, 68044)
(41798, 68170)
(41798, 70641)
(41798, 71120)
(41798, 72122)
(41798, 72408)
(41798, 73001)
(41798, 73131)
(41798, 76522)
(41798, 76575)
(41798, 78106)
(41798, 79384)
(41798, 81731)
(41798, 81993)
(41798, 82221)
(41798, 84104)
(41798, 85265)
(41798, 88269)
(41798, 88609)
(41798, 89570)
(41798, 90068)
(41798, 90115)
(41798, 90314)
(41798, 90398)
(41798, 90415)
(41798, 91466)
(41798, 91858)
(41798, 92935)
(41798, 94024)
(41798, 95144)
(41798, 95496)
(41798, 95871)
(41798, 97625)
(42371, 42744)
(42371, 44166)
(42371, 44430)
(42371, 44436)
(42371, 46842)
(42371, 47450)
(42371, 48599)
(42371, 49471)
(42371, 49520)
(42371, 49674)
(42371, 49701)
(42371, 50169)
(42371, 50411)
(42371, 50786)
(42371, 52029)
(42371, 52740)
(42371, 53594)
(42371, 54170)
(42371, 54220)
(42371, 54707)
(42371, 55555)
(42371, 55798)
(42371, 56758)
(42371, 57521)
(42371, 57712)
(42371, 58322)
(42371, 60482)
(42371, 61243)
(42371, 61860)
(42371, 63633)
(42371, 64700)
(42371, 64861)
(42371, 65958)
(42371, 66275)
(42371, 66872)
(42371, 68044)
(42371, 68170)
(42371, 70641)
(42371, 71120)
(42371, 72122)
(42371, 72408)
(42371, 73001)
(42371, 73131)
(42371, 76522)
(42371, 76575)
(42371, 78106)
(42371, 79384)
(42371, 81731)
(42371, 81993)
(42371, 82221)
(42371, 84104)
(42371, 85265)
(42371, 88269)
(42371, 88609)
(42371, 89570)
(42371, 90068)
(42371, 90115)
(42371, 90314)
(42371, 90398)
(42371, 90415)
(42371, 91466)
(42371, 91858)
(42371, 92935)
(42371, 94024)
(42371, 95144)
(42371, 95496)
(42371, 95871)
(42371, 97625)
(42744, 44166)
(42744, 44430)
(42744, 44436)
(42744, 46842)
(42744, 47450)
(42744, 48599)
(42744, 49471)
(42744, 49520)
(42744, 49674)
(42744, 49701)
(42744, 50169)
(42744, 50411)
(42744, 50786)
(42744, 52029)
(42744, 52740)
(42744, 53594)
(42744, 54170)
(42744, 54220)
(42744, 54707)
(42744, 55555)
(42744, 55798)
(42744, 56758)
(42744, 57521)
(42744, 57712)
(42744, 58322)
(42744, 60482)
(42744, 61243)
(42744, 61860)
(42744, 63633)
(42744, 64700)
(42744, 64861)
(42744, 65958)
(42744, 66275)
(42744, 66872)
(42744, 68044)
(42744, 68170)
(42744, 70641)
(42744, 71120)
(42744, 72122)
(42744, 72408)
(42744, 73001)
(42744, 73131)
(42744, 76522)
(42744, 76575)
(42744, 78106)
(42744, 79384)
(42744, 81731)
(42744, 81993)
(42744, 82221)
(42744, 84104)
(42744, 85265)
(42744, 88269)
(42744, 88609)
(42744, 89570)
(42744, 90068)
(42744, 90115)
(42744, 90314)
(42744, 90398)
(42744, 90415)
(42744, 91466)
(42744, 91858)
(42744, 92935)
(42744, 94024)
(42744, 95144)
(42744, 95496)
(42744, 95871)
(42744, 97625)
(44166, 44430)
(44166, 44436)
(44166, 46842)
(44166, 47450)
(44166, 48599)
(44166, 49471)
(44166, 49520)
(44166, 49674)
(44166, 49701)
(44166, 50169)
(44166, 50411)
(44166, 50786)
(44166, 52029)
(44166, 52740)
(44166, 53594)
(44166, 54170)
(44166, 54220)
(44166, 54707)
(44166, 55555)
(44166, 55798)
(44166, 56758)
(44166, 57521)
(44166, 57712)
(44166, 58322)
(44166, 60482)
(44166, 61243)
(44166, 61860)
(44166, 63633)
(44166, 64700)
(44166, 64861)
(44166, 65958)
(44166, 66275)
(44166, 66872)
(44166, 68044)
(44166, 68170)
(44166, 70641)
(44166, 71120)
(44166, 72122)
(44166, 72408)
(44166, 73001)
(44166, 73131)
(44166, 76522)
(44166, 76575)
(44166, 78106)
(44166, 79384)
(44166, 81731)
(44166, 81993)
(44166, 82221)
(44166, 84104)
(44166, 85265)
(44166, 88269)
(44166, 88609)
(44166, 89570)
(44166, 90068)
(44166, 90115)
(44166, 90314)
(44166, 90398)
(44166, 90415)
(44166, 91466)
(44166, 91858)
(44166, 92935)
(44166, 94024)
(44166, 95144)
(44166, 95496)
(44166, 95871)
(44166, 97625)
(44430, 44436)
(44430, 46842)
(44430, 47450)
(44430, 48599)
(44430, 49471)
(44430, 49520)
(44430, 49674)
(44430, 49701)
(44430, 50169)
(44430, 50411)
(44430, 50786)
(44430, 52029)
(44430, 52740)
(44430, 53594)
(44430, 54170)
(44430, 54220)
(44430, 54707)
(44430, 55555)
(44430, 55798)
(44430, 56758)
(44430, 57521)
(44430, 57712)
(44430, 58322)
(44430, 60482)
(44430, 61243)
(44430, 61860)
(44430, 63633)
(44430, 64700)
(44430, 64861)
(44430, 65958)
(44430, 66275)
(44430, 66872)
(44430, 68044)
(44430, 68170)
(44430, 70641)
(44430, 71120)
(44430, 72122)
(44430, 72408)
(44430, 73001)
(44430, 73131)
(44430, 76522)
(44430, 76575)
(44430, 78106)
(44430, 79384)
(44430, 81731)
(44430, 81993)
(44430, 82221)
(44430, 84104)
(44430, 85265)
(44430, 88269)
(44430, 88609)
(44430, 89570)
(44430, 90068)
(44430, 90115)
(44430, 90314)
(44430, 90398)
(44430, 90415)
(44430, 91466)
(44430, 91858)
(44430, 92935)
(44430, 94024)
(44430, 95144)
(44430, 95496)
(44430, 95871)
(44430, 97625)
(44436, 46842)
(44436, 47450)
(44436, 48599)
(44436, 49471)
(44436, 49520)
(44436, 49674)
(44436, 49701)
(44436, 50169)
(44436, 50411)
(44436, 50786)
(44436, 52029)
(44436, 52740)
(44436, 53594)
(44436, 54170)
(44436, 54220)
(44436, 54707)
(44436, 55555)
(44436, 55798)
(44436, 56758)
(44436, 57521)
(44436, 57712)
(44436, 58322)
(44436, 60482)
(44436, 61243)
(44436, 61860)
(44436, 63633)
(44436, 64700)
(44436, 64861)
(44436, 65958)
(44436, 66275)
(44436, 66872)
(44436, 68044)
(44436, 68170)
(44436, 70641)
(44436, 71120)
(44436, 72122)
(44436, 72408)
(44436, 73001)
(44436, 73131)
(44436, 76522)
(44436, 76575)
(44436, 78106)
(44436, 79384)
(44436, 81731)
(44436, 81993)
(44436, 82221)
(44436, 84104)
(44436, 85265)
(44436, 88269)
(44436, 88609)
(44436, 89570)
(44436, 90068)
(44436, 90115)
(44436, 90314)
(44436, 90398)
(44436, 90415)
(44436, 91466)
(44436, 91858)
(44436, 92935)
(44436, 94024)
(44436, 95144)
(44436, 95496)
(44436, 95871)
(44436, 97625)
(46842, 47450)
(46842, 48599)
(46842, 49471)
(46842, 49520)
(46842, 49674)
(46842, 49701)
(46842, 50169)
(46842, 50411)
(46842, 50786)
(46842, 52029)
(46842, 52740)
(46842, 53594)
(46842, 54170)
(46842, 54220)
(46842, 54707)
(46842, 55555)
(46842, 55798)
(46842, 56758)
(46842, 57521)
(46842, 57712)
(46842, 58322)
(46842, 60482)
(46842, 61243)
(46842, 61860)
(46842, 63633)
(46842, 64700)
(46842, 64861)
(46842, 65958)
(46842, 66275)
(46842, 66872)
(46842, 68044)
(46842, 68170)
(46842, 70641)
(46842, 71120)
(46842, 72122)
(46842, 72408)
(46842, 73001)
(46842, 73131)
(46842, 76522)
(46842, 76575)
(46842, 78106)
(46842, 79384)
(46842, 81731)
(46842, 81993)
(46842, 82221)
(46842, 84104)
(46842, 85265)
(46842, 88269)
(46842, 88609)
(46842, 89570)
(46842, 90068)
(46842, 90115)
(46842, 90314)
(46842, 90398)
(46842, 90415)
(46842, 91466)
(46842, 91858)
(46842, 92935)
(46842, 94024)
(46842, 95144)
(46842, 95496)
(46842, 95871)
(46842, 97625)
(47450, 48599)
(47450, 49471)
(47450, 49520)
(47450, 49674)
(47450, 49701)
(47450, 50169)
(47450, 50411)
(47450, 50786)
(47450, 52029)
(47450, 52740)
(47450, 53594)
(47450, 54170)
(47450, 54220)
(47450, 54707)
(47450, 55555)
(47450, 55798)
(47450, 56758)
(47450, 57521)
(47450, 57712)
(47450, 58322)
(47450, 60482)
(47450, 61243)
(47450, 61860)
(47450, 63633)
(47450, 64700)
(47450, 64861)
(47450, 65958)
(47450, 66275)
(47450, 66872)
(47450, 68044)
(47450, 68170)
(47450, 70641)
(47450, 71120)
(47450, 72122)
(47450, 72408)
(47450, 73001)
(47450, 73131)
(47450, 76522)
(47450, 76575)
(47450, 78106)
(47450, 79384)
(47450, 81731)
(47450, 81993)
(47450, 82221)
(47450, 84104)
(47450, 85265)
(47450, 88269)
(47450, 88609)
(47450, 89570)
(47450, 90068)
(47450, 90115)
(47450, 90314)
(47450, 90398)
(47450, 90415)
(47450, 91466)
(47450, 91858)
(47450, 92935)
(47450, 94024)
(47450, 95144)
(47450, 95496)
(47450, 95871)
(47450, 97625)
(48599, 49471)
(48599, 49520)
(48599, 49674)
(48599, 49701)
(48599, 50169)
(48599, 50411)
(48599, 50786)
(48599, 52029)
(48599, 52740)
(48599, 53594)
(48599, 54170)
(48599, 54220)
(48599, 54707)
(48599, 55555)
(48599, 55798)
(48599, 56758)
(48599, 57521)
(48599, 57712)
(48599, 58322)
(48599, 60482)
(48599, 61243)
(48599, 61860)
(48599, 63633)
(48599, 64700)
(48599, 64861)
(48599, 65958)
(48599, 66275)
(48599, 66872)
(48599, 68044)
(48599, 68170)
(48599, 70641)
(48599, 71120)
(48599, 72122)
(48599, 72408)
(48599, 73001)
(48599, 73131)
(48599, 76522)
(48599, 76575)
(48599, 78106)
(48599, 79384)
(48599, 81731)
(48599, 81993)
(48599, 82221)
(48599, 84104)
(48599, 85265)
(48599, 88269)
(48599, 88609)
(48599, 89570)
(48599, 90068)
(48599, 90115)
(48599, 90314)
(48599, 90398)
(48599, 90415)
(48599, 91466)
(48599, 91858)
(48599, 92935)
(48599, 94024)
(48599, 95144)
(48599, 95496)
(48599, 95871)
(48599, 97625)
(49471, 49520)
(49471, 49674)
(49471, 49701)
(49471, 50169)
(49471, 50411)
(49471, 50786)
(49471, 52029)
(49471, 52740)
(49471, 53594)
(49471, 54170)
(49471, 54220)
(49471, 54707)
(49471, 55555)
(49471, 55798)
(49471, 56758)
(49471, 57521)
(49471, 57712)
(49471, 58322)
(49471, 60482)
(49471, 61243)
(49471, 61860)
(49471, 63633)
(49471, 64700)
(49471, 64861)
(49471, 65958)
(49471, 66275)
(49471, 66872)
(49471, 68044)
(49471, 68170)
(49471, 70641)
(49471, 71120)
(49471, 72122)
(49471, 72408)
(49471, 73001)
(49471, 73131)
(49471, 76522)
(49471, 76575)
(49471, 78106)
(49471, 79384)
(49471, 81731)
(49471, 81993)
(49471, 82221)
(49471, 84104)
(49471, 85265)
(49471, 88269)
(49471, 88609)
(49471, 89570)
(49471, 90068)
(49471, 90115)
(49471, 90314)
(49471, 90398)
(49471, 90415)
(49471, 91466)
(49471, 91858)
(49471, 92935)
(49471, 94024)
(49471, 95144)
(49471, 95496)
(49471, 95871)
(49471, 97625)
(49520, 49674)
(49520, 49701)
(49520, 50169)
(49520, 50411)
(49520, 50786)
(49520, 52029)
(49520, 52740)
(49520, 53594)
(49520, 54170)
(49520, 54220)
(49520, 54707)
(49520, 55555)
(49520, 55798)
(49520, 56758)
(49520, 57521)
(49520, 57712)
(49520, 58322)
(49520, 60482)
(49520, 61243)
(49520, 61860)
(49520, 63633)
(49520, 64700)
(49520, 64861)
(49520, 65958)
(49520, 66275)
(49520, 66872)
(49520, 68044)
(49520, 68170)
(49520, 70641)
(49520, 71120)
(49520, 72122)
(49520, 72408)
(49520, 73001)
(49520, 73131)
(49520, 76522)
(49520, 76575)
(49520, 78106)
(49520, 79384)
(49520, 81731)
(49520, 81993)
(49520, 82221)
(49520, 84104)
(49520, 85265)
(49520, 88269)
(49520, 88609)
(49520, 89570)
(49520, 90068)
(49520, 90115)
(49520, 90314)
(49520, 90398)
(49520, 90415)
(49520, 91466)
(49520, 91858)
(49520, 92935)
(49520, 94024)
(49520, 95144)
(49520, 95496)
(49520, 95871)
(49520, 97625)
(49674, 49701)
(49674, 50169)
(49674, 50411)
(49674, 50786)
(49674, 52029)
(49674, 52740)
(49674, 53594)
(49674, 54170)
(49674, 54220)
(49674, 54707)
(49674, 55555)
(49674, 55798)
(49674, 56758)
(49674, 57521)
(49674, 57712)
(49674, 58322)
(49674, 60482)
(49674, 61243)
(49674, 61860)
(49674, 63633)
(49674, 64700)
(49674, 64861)
(49674, 65958)
(49674, 66275)
(49674, 66872)
(49674, 68044)
(49674, 68170)
(49674, 70641)
(49674, 71120)
(49674, 72122)
(49674, 72408)
(49674, 73001)
(49674, 73131)
(49674, 76522)
(49674, 76575)
(49674, 78106)
(49674, 79384)
(49674, 81731)
(49674, 81993)
(49674, 82221)
(49674, 84104)
(49674, 85265)
(49674, 88269)
(49674, 88609)
(49674, 89570)
(49674, 90068)
(49674, 90115)
(49674, 90314)
(49674, 90398)
(49674, 90415)
(49674, 91466)
(49674, 91858)
(49674, 92935)
(49674, 94024)
(49674, 95144)
(49674, 95496)
(49674, 95871)
(49674, 97625)
(49701, 50169)
(49701, 50411)
(49701, 50786)
(49701, 52029)
(49701, 52740)
(49701, 53594)
(49701, 54170)
(49701, 54220)
(49701, 54707)
(49701, 55555)
(49701, 55798)
(49701, 56758)
(49701, 57521)
(49701, 57712)
(49701, 58322)
(49701, 60482)
(49701, 61243)
(49701, 61860)
(49701, 63633)
(49701, 64700)
(49701, 64861)
(49701, 65958)
(49701, 66275)
(49701, 66872)
(49701, 68044)
(49701, 68170)
(49701, 70641)
(49701, 71120)
(49701, 72122)
(49701, 72408)
(49701, 73001)
(49701, 73131)
(49701, 76522)
(49701, 76575)
(49701, 78106)
(49701, 79384)
(49701, 81731)
(49701, 81993)
(49701, 82221)
(49701, 84104)
(49701, 85265)
(49701, 88269)
(49701, 88609)
(49701, 89570)
(49701, 90068)
(49701, 90115)
(49701, 90314)
(49701, 90398)
(49701, 90415)
(49701, 91466)
(49701, 91858)
(49701, 92935)
(49701, 94024)
(49701, 95144)
(49701, 95496)
(49701, 95871)
(49701, 97625)
(50169, 50411)
(50169, 50786)
(50169, 52029)
(50169, 52740)
(50169, 53594)
(50169, 54170)
(50169, 54220)
(50169, 54707)
(50169, 55555)
(50169, 55798)
(50169, 56758)
(50169, 57521)
(50169, 57712)
(50169, 58322)
(50169, 60482)
(50169, 61243)
(50169, 61860)
(50169, 63633)
(50169, 64700)
(50169, 64861)
(50169, 65958)
(50169, 66275)
(50169, 66872)
(50169, 68044)
(50169, 68170)
(50169, 70641)
(50169, 71120)
(50169, 72122)
(50169, 72408)
(50169, 73001)
(50169, 73131)
(50169, 76522)
(50169, 76575)
(50169, 78106)
(50169, 79384)
(50169, 81731)
(50169, 81993)
(50169, 82221)
(50169, 84104)
(50169, 85265)
(50169, 88269)
(50169, 88609)
(50169, 89570)
(50169, 90068)
(50169, 90115)
(50169, 90314)
(50169, 90398)
(50169, 90415)
(50169, 91466)
(50169, 91858)
(50169, 92935)
(50169, 94024)
(50169, 95144)
(50169, 95496)
(50169, 95871)
(50169, 97625)
(50411, 50786)
(50411, 52029)
(50411, 52740)
(50411, 53594)
(50411, 54170)
(50411, 54220)
(50411, 54707)
(50411, 55555)
(50411, 55798)
(50411, 56758)
(50411, 57521)
(50411, 57712)
(50411, 58322)
(50411, 60482)
(50411, 61243)
(50411, 61860)
(50411, 63633)
(50411, 64700)
(50411, 64861)
(50411, 65958)
(50411, 66275)
(50411, 66872)
(50411, 68044)
(50411, 68170)
(50411, 70641)
(50411, 71120)
(50411, 72122)
(50411, 72408)
(50411, 73001)
(50411, 73131)
(50411, 76522)
(50411, 76575)
(50411, 78106)
(50411, 79384)
(50411, 81731)
(50411, 81993)
(50411, 82221)
(50411, 84104)
(50411, 85265)
(50411, 88269)
(50411, 88609)
(50411, 89570)
(50411, 90068)
(50411, 90115)
(50411, 90314)
(50411, 90398)
(50411, 90415)
(50411, 91466)
(50411, 91858)
(50411, 92935)
(50411, 94024)
(50411, 95144)
(50411, 95496)
(50411, 95871)
(50411, 97625)
(50786, 52029)
(50786, 52740)
(50786, 53594)
(50786, 54170)
(50786, 54220)
(50786, 54707)
(50786, 55555)
(50786, 55798)
(50786, 56758)
(50786, 57521)
(50786, 57712)
(50786, 58322)
(50786, 60482)
(50786, 61243)
(50786, 61860)
(50786, 63633)
(50786, 64700)
(50786, 64861)
(50786, 65958)
(50786, 66275)
(50786, 66872)
(50786, 68044)
(50786, 68170)
(50786, 70641)
(50786, 71120)
(50786, 72122)
(50786, 72408)
(50786, 73001)
(50786, 73131)
(50786, 76522)
(50786, 76575)
(50786, 78106)
(50786, 79384)
(50786, 81731)
(50786, 81993)
(50786, 82221)
(50786, 84104)
(50786, 85265)
(50786, 88269)
(50786, 88609)
(50786, 89570)
(50786, 90068)
(50786, 90115)
(50786, 90314)
(50786, 90398)
(50786, 90415)
(50786, 91466)
(50786, 91858)
(50786, 92935)
(50786, 94024)
(50786, 95144)
(50786, 95496)
(50786, 95871)
(50786, 97625)
(52029, 52740)
(52029, 53594)
(52029, 54170)
(52029, 54220)
(52029, 54707)
(52029, 55555)
(52029, 55798)
(52029, 56758)
(52029, 57521)
(52029, 57712)
(52029, 58322)
(52029, 60482)
(52029, 61243)
(52029, 61860)
(52029, 63633)
(52029, 64700)
(52029, 64861)
(52029, 65958)
(52029, 66275)
(52029, 66872)
(52029, 68044)
(52029, 68170)
(52029, 70641)
(52029, 71120)
(52029, 72122)
(52029, 72408)
(52029, 73001)
(52029, 73131)
(52029, 76522)
(52029, 76575)
(52029, 78106)
(52029, 79384)
(52029, 81731)
(52029, 81993)
(52029, 82221)
(52029, 84104)
(52029, 85265)
(52029, 88269)
(52029, 88609)
(52029, 89570)
(52029, 90068)
(52029, 90115)
(52029, 90314)
(52029, 90398)
(52029, 90415)
(52029, 91466)
(52029, 91858)
(52029, 92935)
(52029, 94024)
(52029, 95144)
(52029, 95496)
(52029, 95871)
(52029, 97625)
(52740, 53594)
(52740, 54170)
(52740, 54220)
(52740, 54707)
(52740, 55555)
(52740, 55798)
(52740, 56758)
(52740, 57521)
(52740, 57712)
(52740, 58322)
(52740, 60482)
(52740, 61243)
(52740, 61860)
(52740, 63633)
(52740, 64700)
(52740, 64861)
(52740, 65958)
(52740, 66275)
(52740, 66872)
(52740, 68044)
(52740, 68170)
(52740, 70641)
(52740, 71120)
(52740, 72122)
(52740, 72408)
(52740, 73001)
(52740, 73131)
(52740, 76522)
(52740, 76575)
(52740, 78106)
(52740, 79384)
(52740, 81731)
(52740, 81993)
(52740, 82221)
(52740, 84104)
(52740, 85265)
(52740, 88269)
(52740, 88609)
(52740, 89570)
(52740, 90068)
(52740, 90115)
(52740, 90314)
(52740, 90398)
(52740, 90415)
(52740, 91466)
(52740, 91858)
(52740, 92935)
(52740, 94024)
(52740, 95144)
(52740, 95496)
(52740, 95871)
(52740, 97625)
(53594, 54170)
(53594, 54220)
(53594, 54707)
(53594, 55555)
(53594, 55798)
(53594, 56758)
(53594, 57521)
(53594, 57712)
(53594, 58322)
(53594, 60482)
(53594, 61243)
(53594, 61860)
(53594, 63633)
(53594, 64700)
(53594, 64861)
(53594, 65958)
(53594, 66275)
(53594, 66872)
(53594, 68044)
(53594, 68170)
(53594, 70641)
(53594, 71120)
(53594, 72122)
(53594, 72408)
(53594, 73001)
(53594, 73131)
(53594, 76522)
(53594, 76575)
(53594, 78106)
(53594, 79384)
(53594, 81731)
(53594, 81993)
(53594, 82221)
(53594, 84104)
(53594, 85265)
(53594, 88269)
(53594, 88609)
(53594, 89570)
(53594, 90068)
(53594, 90115)
(53594, 90314)
(53594, 90398)
(53594, 90415)
(53594, 91466)
(53594, 91858)
(53594, 92935)
(53594, 94024)
(53594, 95144)
(53594, 95496)
(53594, 95871)
(53594, 97625)
(54170, 54220)
(54170, 54707)
(54170, 55555)
(54170, 55798)
(54170, 56758)
(54170, 57521)
(54170, 57712)
(54170, 58322)
(54170, 60482)
(54170, 61243)
(54170, 61860)
(54170, 63633)
(54170, 64700)
(54170, 64861)
(54170, 65958)
(54170, 66275)
(54170, 66872)
(54170, 68044)
(54170, 68170)
(54170, 70641)
(54170, 71120)
(54170, 72122)
(54170, 72408)
(54170, 73001)
(54170, 73131)
(54170, 76522)
(54170, 76575)
(54170, 78106)
(54170, 79384)
(54170, 81731)
(54170, 81993)
(54170, 82221)
(54170, 84104)
(54170, 85265)
(54170, 88269)
(54170, 88609)
(54170, 89570)
(54170, 90068)
(54170, 90115)
(54170, 90314)
(54170, 90398)
(54170, 90415)
(54170, 91466)
(54170, 91858)
(54170, 92935)
(54170, 94024)
(54170, 95144)
(54170, 95496)
(54170, 95871)
(54170, 97625)
(54220, 54707)
(54220, 55555)
(54220, 55798)
(54220, 56758)
(54220, 57521)
(54220, 57712)
(54220, 58322)
(54220, 60482)
(54220, 61243)
(54220, 61860)
(54220, 63633)
(54220, 64700)
(54220, 64861)
(54220, 65958)
(54220, 66275)
(54220, 66872)
(54220, 68044)
(54220, 68170)
(54220, 70641)
(54220, 71120)
(54220, 72122)
(54220, 72408)
(54220, 73001)
(54220, 73131)
(54220, 76522)
(54220, 76575)
(54220, 78106)
(54220, 79384)
(54220, 81731)
(54220, 81993)
(54220, 82221)
(54220, 84104)
(54220, 85265)
(54220, 88269)
(54220, 88609)
(54220, 89570)
(54220, 90068)
(54220, 90115)
(54220, 90314)
(54220, 90398)
(54220, 90415)
(54220, 91466)
(54220, 91858)
(54220, 92935)
(54220, 94024)
(54220, 95144)
(54220, 95496)
(54220, 95871)
(54220, 97625)
(54707, 55555)
(54707, 55798)
(54707, 56758)
(54707, 57521)
(54707, 57712)
(54707, 58322)
(54707, 60482)
(54707, 61243)
(54707, 61860)
(54707, 63633)
(54707, 64700)
(54707, 64861)
(54707, 65958)
(54707, 66275)
(54707, 66872)
(54707, 68044)
(54707, 68170)
(54707, 70641)
(54707, 71120)
(54707, 72122)
(54707, 72408)
(54707, 73001)
(54707, 73131)
(54707, 76522)
(54707, 76575)
(54707, 78106)
(54707, 79384)
(54707, 81731)
(54707, 81993)
(54707, 82221)
(54707, 84104)
(54707, 85265)
(54707, 88269)
(54707, 88609)
(54707, 89570)
(54707, 90068)
(54707, 90115)
(54707, 90314)
(54707, 90398)
(54707, 90415)
(54707, 91466)
(54707, 91858)
(54707, 92935)
(54707, 94024)
(54707, 95144)
(54707, 95496)
(54707, 95871)
(54707, 97625)
(55555, 55798)
(55555, 56758)
(55555, 57521)
(55555, 57712)
(55555, 58322)
(55555, 60482)
(55555, 61243)
(55555, 61860)
(55555, 63633)
(55555, 64700)
(55555, 64861)
(55555, 65958)
(55555, 66275)
(55555, 66872)
(55555, 68044)
(55555, 68170)
(55555, 70641)
(55555, 71120)
(55555, 72122)
(55555, 72408)
(55555, 73001)
(55555, 73131)
(55555, 76522)
(55555, 76575)
(55555, 78106)
(55555, 79384)
(55555, 81731)
(55555, 81993)
(55555, 82221)
(55555, 84104)
(55555, 85265)
(55555, 88269)
(55555, 88609)
(55555, 89570)
(55555, 90068)
(55555, 90115)
(55555, 90314)
(55555, 90398)
(55555, 90415)
(55555, 91466)
(55555, 91858)
(55555, 92935)
(55555, 94024)
(55555, 95144)
(55555, 95496)
(55555, 95871)
(55555, 97625)
(55798, 56758)
(55798, 57521)
(55798, 57712)
(55798, 58322)
(55798, 60482)
(55798, 61243)
(55798, 61860)
(55798, 63633)
(55798, 64700)
(55798, 64861)
(55798, 65958)
(55798, 66275)
(55798, 66872)
(55798, 68044)
(55798, 68170)
(55798, 70641)
(55798, 71120)
(55798, 72122)
(55798, 72408)
(55798, 73001)
(55798, 73131)
(55798, 76522)
(55798, 76575)
(55798, 78106)
(55798, 79384)
(55798, 81731)
(55798, 81993)
(55798, 82221)
(55798, 84104)
(55798, 85265)
(55798, 88269)
(55798, 88609)
(55798, 89570)
(55798, 90068)
(55798, 90115)
(55798, 90314)
(55798, 90398)
(55798, 90415)
(55798, 91466)
(55798, 91858)
(55798, 92935)
(55798, 94024)
(55798, 95144)
(55798, 95496)
(55798, 95871)
(55798, 97625)
(56758, 57521)
(56758, 57712)
(56758, 58322)
(56758, 60482)
(56758, 61243)
(56758, 61860)
(56758, 63633)
(56758, 64700)
(56758, 64861)
(56758, 65958)
(56758, 66275)
(56758, 66872)
(56758, 68044)
(56758, 68170)
(56758, 70641)
(56758, 71120)
(56758, 72122)
(56758, 72408)
(56758, 73001)
(56758, 73131)
(56758, 76522)
(56758, 76575)
(56758, 78106)
(56758, 79384)
(56758, 81731)
(56758, 81993)
(56758, 82221)
(56758, 84104)
(56758, 85265)
(56758, 88269)
(56758, 88609)
(56758, 89570)
(56758, 90068)
(56758, 90115)
(56758, 90314)
(56758, 90398)
(56758, 90415)
(56758, 91466)
(56758, 91858)
(56758, 92935)
(56758, 94024)
(56758, 95144)
(56758, 95496)
(56758, 95871)
(56758, 97625)
(57521, 57712)
(57521, 58322)
(57521, 60482)
(57521, 61243)
(57521, 61860)
(57521, 63633)
(57521, 64700)
(57521, 64861)
(57521, 65958)
(57521, 66275)
(57521, 66872)
(57521, 68044)
(57521, 68170)
(57521, 70641)
(57521, 71120)
(57521, 72122)
(57521, 72408)
(57521, 73001)
(57521, 73131)
(57521, 76522)
(57521, 76575)
(57521, 78106)
(57521, 79384)
(57521, 81731)
(57521, 81993)
(57521, 82221)
(57521, 84104)
(57521, 85265)
(57521, 88269)
(57521, 88609)
(57521, 89570)
(57521, 90068)
(57521, 90115)
(57521, 90314)
(57521, 90398)
(57521, 90415)
(57521, 91466)
(57521, 91858)
(57521, 92935)
(57521, 94024)
(57521, 95144)
(57521, 95496)
(57521, 95871)
(57521, 97625)
(57712, 58322)
(57712, 60482)
(57712, 61243)
(57712, 61860)
(57712, 63633)
(57712, 64700)
(57712, 64861)
(57712, 65958)
(57712, 66275)
(57712, 66872)
(57712, 68044)
(57712, 68170)
(57712, 70641)
(57712, 71120)
(57712, 72122)
(57712, 72408)
(57712, 73001)
(57712, 73131)
(57712, 76522)
(57712, 76575)
(57712, 78106)
(57712, 79384)
(57712, 81731)
(57712, 81993)
(57712, 82221)
(57712, 84104)
(57712, 85265)
(57712, 88269)
(57712, 88609)
(57712, 89570)
(57712, 90068)
(57712, 90115)
(57712, 90314)
(57712, 90398)
(57712, 90415)
(57712, 91466)
(57712, 91858)
(57712, 92935)
(57712, 94024)
(57712, 95144)
(57712, 95496)
(57712, 95871)
(57712, 97625)
(58322, 60482)
(58322, 61243)
(58322, 61860)
(58322, 63633)
(58322, 64700)
(58322, 64861)
(58322, 65958)
(58322, 66275)
(58322, 66872)
(58322, 68044)
(58322, 68170)
(58322, 70641)
(58322, 71120)
(58322, 72122)
(58322, 72408)
(58322, 73001)
(58322, 73131)
(58322, 76522)
(58322, 76575)
(58322, 78106)
(58322, 79384)
(58322, 81731)
(58322, 81993)
(58322, 82221)
(58322, 84104)
(58322, 85265)
(58322, 88269)
(58322, 88609)
(58322, 89570)
(58322, 90068)
(58322, 90115)
(58322, 90314)
(58322, 90398)
(58322, 90415)
(58322, 91466)
(58322, 91858)
(58322, 92935)
(58322, 94024)
(58322, 95144)
(58322, 95496)
(58322, 95871)
(58322, 97625)
(60482, 61243)
(60482, 61860)
(60482, 63633)
(60482, 64700)
(60482, 64861)
(60482, 65958)
(60482, 66275)
(60482, 66872)
(60482, 68044)
(60482, 68170)
(60482, 70641)
(60482, 71120)
(60482, 72122)
(60482, 72408)
(60482, 73001)
(60482, 73131)
(60482, 76522)
(60482, 76575)
(60482, 78106)
(60482, 79384)
(60482, 81731)
(60482, 81993)
(60482, 82221)
(60482, 84104)
(60482, 85265)
(60482, 88269)
(60482, 88609)
(60482, 89570)
(60482, 90068)
(60482, 90115)
(60482, 90314)
(60482, 90398)
(60482, 90415)
(60482, 91466)
(60482, 91858)
(60482, 92935)
(60482, 94024)
(60482, 95144)
(60482, 95496)
(60482, 95871)
(60482, 97625)
(61243, 61860)
(61243, 63633)
(61243, 64700)
(61243, 64861)
(61243, 65958)
(61243, 66275)
(61243, 66872)
(61243, 68044)
(61243, 68170)
(61243, 70641)
(61243, 71120)
(61243, 72122)
(61243, 72408)
(61243, 73001)
(61243, 73131)
(61243, 76522)
(61243, 76575)
(61243, 78106)
(61243, 79384)
(61243, 81731)
(61243, 81993)
(61243, 82221)
(61243, 84104)
(61243, 85265)
(61243, 88269)
(61243, 88609)
(61243, 89570)
(61243, 90068)
(61243, 90115)
(61243, 90314)
(61243, 90398)
(61243, 90415)
(61243, 91466)
(61243, 91858)
(61243, 92935)
(61243, 94024)
(61243, 95144)
(61243, 95496)
(61243, 95871)
(61243, 97625)
(61860, 63633)
(61860, 64700)
(61860, 64861)
(61860, 65958)
(61860, 66275)
(61860, 66872)
(61860, 68044)
(61860, 68170)
(61860, 70641)
(61860, 71120)
(61860, 72122)
(61860, 72408)
(61860, 73001)
(61860, 73131)
(61860, 76522)
(61860, 76575)
(61860, 78106)
(61860, 79384)
(61860, 81731)
(61860, 81993)
(61860, 82221)
(61860, 84104)
(61860, 85265)
(61860, 88269)
(61860, 88609)
(61860, 89570)
(61860, 90068)
(61860, 90115)
(61860, 90314)
(61860, 90398)
(61860, 90415)
(61860, 91466)
(61860, 91858)
(61860, 92935)
(61860, 94024)
(61860, 95144)
(61860, 95496)
(61860, 95871)
(61860, 97625)
(63633, 64700)
(63633, 64861)
(63633, 65958)
(63633, 66275)
(63633, 66872)
(63633, 68044)
(63633, 68170)
(63633, 70641)
(63633, 71120)
(63633, 72122)
(63633, 72408)
(63633, 73001)
(63633, 73131)
(63633, 76522)
(63633, 76575)
(63633, 78106)
(63633, 79384)
(63633, 81731)
(63633, 81993)
(63633, 82221)
(63633, 84104)
(63633, 85265)
(63633, 88269)
(63633, 88609)
(63633, 89570)
(63633, 90068)
(63633, 90115)
(63633, 90314)
(63633, 90398)
(63633, 90415)
(63633, 91466)
(63633, 91858)
(63633, 92935)
(63633, 94024)
(63633, 95144)
(63633, 95496)
(63633, 95871)
(63633, 97625)
(64700, 64861)
(64700, 65958)
(64700, 66275)
(64700, 66872)
(64700, 68044)
(64700, 68170)
(64700, 70641)
(64700, 71120)
(64700, 72122)
(64700, 72408)
(64700, 73001)
(64700, 73131)
(64700, 76522)
(64700, 76575)
(64700, 78106)
(64700, 79384)
(64700, 81731)
(64700, 81993)
(64700, 82221)
(64700, 84104)
(64700, 85265)
(64700, 88269)
(64700, 88609)
(64700, 89570)
(64700, 90068)
(64700, 90115)
(64700, 90314)
(64700, 90398)
(64700, 90415)
(64700, 91466)
(64700, 91858)
(64700, 92935)
(64700, 94024)
(64700, 95144)
(64700, 95496)
(64700, 95871)
(64700, 97625)
(64861, 65958)
(64861, 66275)
(64861, 66872)
(64861, 68044)
(64861, 68170)
(64861, 70641)
(64861, 71120)
(64861, 72122)
(64861, 72408)
(64861, 73001)
(64861, 73131)
(64861, 76522)
(64861, 76575)
(64861, 78106)
(64861, 79384)
(64861, 81731)
(64861, 81993)
(64861, 82221)
(64861, 84104)
(64861, 85265)
(64861, 88269)
(64861, 88609)
(64861, 89570)
(64861, 90068)
(64861, 90115)
(64861, 90314)
(64861, 90398)
(64861, 90415)
(64861, 91466)
(64861, 91858)
(64861, 92935)
(64861, 94024)
(64861, 95144)
(64861, 95496)
(64861, 95871)
(64861, 97625)
(65958, 66275)
(65958, 66872)
(65958, 68044)
(65958, 68170)
(65958, 70641)
(65958, 71120)
(65958, 72122)
(65958, 72408)
(65958, 73001)
(65958, 73131)
(65958, 76522)
(65958, 76575)
(65958, 78106)
(65958, 79384)
(65958, 81731)
(65958, 81993)
(65958, 82221)
(65958, 84104)
(65958, 85265)
(65958, 88269)
(65958, 88609)
(65958, 89570)
(65958, 90068)
(65958, 90115)
(65958, 90314)
(65958, 90398)
(65958, 90415)
(65958, 91466)
(65958, 91858)
(65958, 92935)
(65958, 94024)
(65958, 95144)
(65958, 95496)
(65958, 95871)
(65958, 97625)
(66275, 66872)
(66275, 68044)
(66275, 68170)
(66275, 70641)
(66275, 71120)
(66275, 72122)
(66275, 72408)
(66275, 73001)
(66275, 73131)
(66275, 76522)
(66275, 76575)
(66275, 78106)
(66275, 79384)
(66275, 81731)
(66275, 81993)
(66275, 82221)
(66275, 84104)
(66275, 85265)
(66275, 88269)
(66275, 88609)
(66275, 89570)
(66275, 90068)
(66275, 90115)
(66275, 90314)
(66275, 90398)
(66275, 90415)
(66275, 91466)
(66275, 91858)
(66275, 92935)
(66275, 94024)
(66275, 95144)
(66275, 95496)
(66275, 95871)
(66275, 97625)
(66872, 68044)
(66872, 68170)
(66872, 70641)
(66872, 71120)
(66872, 72122)
(66872, 72408)
(66872, 73001)
(66872, 73131)
(66872, 76522)
(66872, 76575)
(66872, 78106)
(66872, 79384)
(66872, 81731)
(66872, 81993)
(66872, 82221)
(66872, 84104)
(66872, 85265)
(66872, 88269)
(66872, 88609)
(66872, 89570)
(66872, 90068)
(66872, 90115)
(66872, 90314)
(66872, 90398)
(66872, 90415)
(66872, 91466)
(66872, 91858)
(66872, 92935)
(66872, 94024)
(66872, 95144)
(66872, 95496)
(66872, 95871)
(66872, 97625)
(68044, 68170)
(68044, 70641)
(68044, 71120)
(68044, 72122)
(68044, 72408)
(68044, 73001)
(68044, 73131)
(68044, 76522)
(68044, 76575)
(68044, 78106)
(68044, 79384)
(68044, 81731)
(68044, 81993)
(68044, 82221)
(68044, 84104)
(68044, 85265)
(68044, 88269)
(68044, 88609)
(68044, 89570)
(68044, 90068)
(68044, 90115)
(68044, 90314)
(68044, 90398)
(68044, 90415)
(68044, 91466)
(68044, 91858)
(68044, 92935)
(68044, 94024)
(68044, 95144)
(68044, 95496)
(68044, 95871)
(68044, 97625)
(68170, 70641)
(68170, 71120)
(68170, 72122)
(68170, 72408)
(68170, 73001)
(68170, 73131)
(68170, 76522)
(68170, 76575)
(68170, 78106)
(68170, 79384)
(68170, 81731)
(68170, 81993)
(68170, 82221)
(68170, 84104)
(68170, 85265)
(68170, 88269)
(68170, 88609)
(68170, 89570)
(68170, 90068)
(68170, 90115)
(68170, 90314)
(68170, 90398)
(68170, 90415)
(68170, 91466)
(68170, 91858)
(68170, 92935)
(68170, 94024)
(68170, 95144)
(68170, 95496)
(68170, 95871)
(68170, 97625)
(70641, 71120)
(70641, 72122)
(70641, 72408)
(70641, 73001)
(70641, 73131)
(70641, 76522)
(70641, 76575)
(70641, 78106)
(70641, 79384)
(70641, 81731)
(70641, 81993)
(70641, 82221)
(70641, 84104)
(70641, 85265)
(70641, 88269)
(70641, 88609)
(70641, 89570)
(70641, 90068)
(70641, 90115)
(70641, 90314)
(70641, 90398)
(70641, 90415)
(70641, 91466)
(70641, 91858)
(70641, 92935)
(70641, 94024)
(70641, 95144)
(70641, 95496)
(70641, 95871)
(70641, 97625)
(71120, 72122)
(71120, 72408)
(71120, 73001)
(71120, 73131)
(71120, 76522)
(71120, 76575)
(71120, 78106)
(71120, 79384)
(71120, 81731)
(71120, 81993)
(71120, 82221)
(71120, 84104)
(71120, 85265)
(71120, 88269)
(71120, 88609)
(71120, 89570)
(71120, 90068)
(71120, 90115)
(71120, 90314)
(71120, 90398)
(71120, 90415)
(71120, 91466)
(71120, 91858)
(71120, 92935)
(71120, 94024)
(71120, 95144)
(71120, 95496)
(71120, 95871)
(71120, 97625)
(72122, 72408)
(72122, 73001)
(72122, 73131)
(72122, 76522)
(72122, 76575)
(72122, 78106)
(72122, 79384)
(72122, 81731)
(72122, 81993)
(72122, 82221)
(72122, 84104)
(72122, 85265)
(72122, 88269)
(72122, 88609)
(72122, 89570)
(72122, 90068)
(72122, 90115)
(72122, 90314)
(72122, 90398)
(72122, 90415)
(72122, 91466)
(72122, 91858)
(72122, 92935)
(72122, 94024)
(72122, 95144)
(72122, 95496)
(72122, 95871)
(72122, 97625)
(72408, 73001)
(72408, 73131)
(72408, 76522)
(72408, 76575)
(72408, 78106)
(72408, 79384)
(72408, 81731)
(72408, 81993)
(72408, 82221)
(72408, 84104)
(72408, 85265)
(72408, 88269)
(72408, 88609)
(72408, 89570)
(72408, 90068)
(72408, 90115)
(72408, 90314)
(72408, 90398)
(72408, 90415)
(72408, 91466)
(72408, 91858)
(72408, 92935)
(72408, 94024)
(72408, 95144)
(72408, 95496)
(72408, 95871)
(72408, 97625)
(73001, 73131)
(73001, 76522)
(73001, 76575)
(73001, 78106)
(73001, 79384)
(73001, 81731)
(73001, 81993)
(73001, 82221)
(73001, 84104)
(73001, 85265)
(73001, 88269)
(73001, 88609)
(73001, 89570)
(73001, 90068)
(73001, 90115)
(73001, 90314)
(73001, 90398)
(73001, 90415)
(73001, 91466)
(73001, 91858)
(73001, 92935)
(73001, 94024)
(73001, 95144)
(73001, 95496)
(73001, 95871)
(73001, 97625)
(73131, 76522)
(73131, 76575)
(73131, 78106)
(73131, 79384)
(73131, 81731)
(73131, 81993)
(73131, 82221)
(73131, 84104)
(73131, 85265)
(73131, 88269)
(73131, 88609)
(73131, 89570)
(73131, 90068)
(73131, 90115)
(73131, 90314)
(73131, 90398)
(73131, 90415)
(73131, 91466)
(73131, 91858)
(73131, 92935)
(73131, 94024)
(73131, 95144)
(73131, 95496)
(73131, 95871)
(73131, 97625)
(76522, 76575)
(76522, 78106)
(76522, 79384)
(76522, 81731)
(76522, 81993)
(76522, 82221)
(76522, 84104)
(76522, 85265)
(76522, 88269)
(76522, 88609)
(76522, 89570)
(76522, 90068)
(76522, 90115)
(76522, 90314)
(76522, 90398)
(76522, 90415)
(76522, 91466)
(76522, 91858)
(76522, 92935)
(76522, 94024)
(76522, 95144)
(76522, 95496)
(76522, 95871)
(76522, 97625)
(76575, 78106)
(76575, 79384)
(76575, 81731)
(76575, 81993)
(76575, 82221)
(76575, 84104)
(76575, 85265)
(76575, 88269)
(76575, 88609)
(76575, 89570)
(76575, 90068)
(76575, 90115)
(76575, 90314)
(76575, 90398)
(76575, 90415)
(76575, 91466)
(76575, 91858)
(76575, 92935)
(76575, 94024)
(76575, 95144)
(76575, 95496)
(76575, 95871)
(76575, 97625)
(78106, 79384)
(78106, 81731)
(78106, 81993)
(78106, 82221)
(78106, 84104)
(78106, 85265)
(78106, 88269)
(78106, 88609)
(78106, 89570)
(78106, 90068)
(78106, 90115)
(78106, 90314)
(78106, 90398)
(78106, 90415)
(78106, 91466)
(78106, 91858)
(78106, 92935)
(78106, 94024)
(78106, 95144)
(78106, 95496)
(78106, 95871)
(78106, 97625)
(79384, 81731)
(79384, 81993)
(79384, 82221)
(79384, 84104)
(79384, 85265)
(79384, 88269)
(79384, 88609)
(79384, 89570)
(79384, 90068)
(79384, 90115)
(79384, 90314)
(79384, 90398)
(79384, 90415)
(79384, 91466)
(79384, 91858)
(79384, 92935)
(79384, 94024)
(79384, 95144)
(79384, 95496)
(79384, 95871)
(79384, 97625)
(81731, 81993)
(81731, 82221)
(81731, 84104)
(81731, 85265)
(81731, 88269)
(81731, 88609)
(81731, 89570)
(81731, 90068)
(81731, 90115)
(81731, 90314)
(81731, 90398)
(81731, 90415)
(81731, 91466)
(81731, 91858)
(81731, 92935)
(81731, 94024)
(81731, 95144)
(81731, 95496)
(81731, 95871)
(81731, 97625)
(81993, 82221)
(81993, 84104)
(81993, 85265)
(81993, 88269)
(81993, 88609)
(81993, 89570)
(81993, 90068)
(81993, 90115)
(81993, 90314)
(81993, 90398)
(81993, 90415)
(81993, 91466)
(81993, 91858)
(81993, 92935)
(81993, 94024)
(81993, 95144)
(81993, 95496)
(81993, 95871)
(81993, 97625)
(82221, 84104)
(82221, 85265)
(82221, 88269)
(82221, 88609)
(82221, 89570)
(82221, 90068)
(82221, 90115)
(82221, 90314)
(82221, 90398)
(82221, 90415)
(82221, 91466)
(82221, 91858)
(82221, 92935)
(82221, 94024)
(82221, 95144)
(82221, 95496)
(82221, 95871)
(82221, 97625)
(84104, 85265)
(84104, 88269)
(84104, 88609)
(84104, 89570)
(84104, 90068)
(84104, 90115)
(84104, 90314)
(84104, 90398)
(84104, 90415)
(84104, 91466)
(84104, 91858)
(84104, 92935)
(84104, 94024)
(84104, 95144)
(84104, 95496)
(84104, 95871)
(84104, 97625)
(85265, 88269)
(85265, 88609)
(85265, 89570)
(85265, 90068)
(85265, 90115)
(85265, 90314)
(85265, 90398)
(85265, 90415)
(85265, 91466)
(85265, 91858)
(85265, 92935)
(85265, 94024)
(85265, 95144)
(85265, 95496)
(85265, 95871)
(85265, 97625)
(88269, 88609)
(88269, 89570)
(88269, 90068)
(88269, 90115)
(88269, 90314)
(88269, 90398)
(88269, 90415)
(88269, 91466)
(88269, 91858)
(88269, 92935)
(88269, 94024)
(88269, 95144)
(88269, 95496)
(88269, 95871)
(88269, 97625)
(88609, 89570)
(88609, 90068)
(88609, 90115)
(88609, 90314)
(88609, 90398)
(88609, 90415)
(88609, 91466)
(88609, 91858)
(88609, 92935)
(88609, 94024)
(88609, 95144)
(88609, 95496)
(88609, 95871)
(88609, 97625)
(89570, 90068)
(89570, 90115)
(89570, 90314)
(89570, 90398)
(89570, 90415)
(89570, 91466)
(89570, 91858)
(89570, 92935)
(89570, 94024)
(89570, 95144)
(89570, 95496)
(89570, 95871)
(89570, 97625)
(90068, 90115)
(90068, 90314)
(90068, 90398)
(90068, 90415)
(90068, 91466)
(90068, 91858)
(90068, 92935)
(90068, 94024)
(90068, 95144)
(90068, 95496)
(90068, 95871)
(90068, 97625)
(90115, 90314)
(90115, 90398)
(90115, 90415)
(90115, 91466)
(90115, 91858)
(90115, 92935)
(90115, 94024)
(90115, 95144)
(90115, 95496)
(90115, 95871)
(90115, 97625)
(90314, 90398)
(90314, 90415)
(90314, 91466)
(90314, 91858)
(90314, 92935)
(90314, 94024)
(90314, 95144)
(90314, 95496)
(90314, 95871)
(90314, 97625)
(90398, 90415)
(90398, 91466)
(90398, 91858)
(90398, 92935)
(90398, 94024)
(90398, 95144)
(90398, 95496)
(90398, 95871)
(90398, 97625)
(90415, 91466)
(90415, 91858)
(90415, 92935)
(90415, 94024)
(90415, 95144)
(90415, 95496)
(90415, 95871)
(90415, 97625)
(91466, 91858)
(91466, 92935)
(91466, 94024)
(91466, 95144)
(91466, 95496)
(91466, 95871)
(91466, 97625)
(91858, 92935)
(91858, 94024)
(91858, 95144)
(91858, 95496)
(91858, 95871)
(91858, 97625)
(92935, 94024)
(92935, 95144)
(92935, 95496)
(92935, 95871)
(92935, 97625)
(94024, 95144)
(94024, 95496)
(94024, 95871)
(94024, 97625)
(95144, 95496)
(95144, 95871)
(95144, 97625)
(95496, 95871)
(95496, 97625)
(95871, 97625)
